age,short_passing,long_passing,ball_control,interceptions,positioning,vision,marking,gk_handling,gk_reflexes,Points-16/17,Start-16/17,Sub-16/17,Goals-16/17,A-16/17,CS-16/17,Yellow-16/17,Red-16/17,Off-16/17,Pen_SV-16/17,Pen_M-16/17,Goals_conceded-16/17,OG-16/17,Points-15/16,Start-15/16,Sub-16/17.1,Goals-15/16,A-15/16,CS-15/16,Yellow-15/16,Red-15/16,Off-15/16,Pen_SV-15/16,Pen_M-15/16,Goals_conceded-15/16,OG-15/16,league_English Championship,league_English Premier League,league_French Ligue 1,league_French Ligue 2,league_German 2. Bundesliga,league_German Bundesliga,league_Italian Serie A,league_Italian Serie B,league_Spanish Primera Division,league_Spanish Segunda Division,league_Turkish Super Lig
21,54,35,68,19,60,49,23,9,9,12,1,11,1,0,0,0,0,0,0,0,0,0,0,0,0,0,0,0,0,0,0,0,0,0,0,0,0,0,0,1,0,0,0,0,0,0
19,50,44,60,26,51,47,26,8,8,0,0,3,0,0,0,0,0,0,0,0,0,0,0,0,0,0,0,0,0,0,0,0,0,0,0,0,1,0,0,0,0,0,0,0,0,0
37,66,39,62,24,67,66,23,13,9,0,0,0,0,0,0,0,0,0,0,0,0,0,0,0,0,0,0,0,0,0,0,0,0,0,0,1,0,0,0,0,0,0,0,0,0,0
26,67,47,73,24,74,57,19,6,9,69,16,10,4,3,0,0,0,10,0,0,0,0,0,0,0,0,0,0,0,0,0,0,0,0,0,1,0,0,0,0,0,0,0,0,0,0
22,61,46,64,13,72,53,22,14,11,0,0,0,0,0,0,0,0,0,0,0,0,0,0,0,0,0,0,0,0,0,0,0,0,0,0,1,0,0,0,0,0,0,0,0,0,0
20,59,55,64,36,69,48,20,13,7,0,0,0,0,0,0,0,0,0,0,0,0,0,0,0,0,0,0,0,0,0,0,0,0,0,0,1,0,0,0,0,0,0,0,0,0,0
30,62,53,68,34,71,66,19,7,16,0,0,0,0,0,0,0,0,0,0,0,0,0,0,0,0,0,0,0,0,0,0,0,0,0,0,1,0,0,0,0,0,0,0,0,0,0
29,72,48,74,41,76,65,27,12,9,70,7,25,8,1,0,2,0,4,0,0,0,0,27,7,11,0,2,0,2,0,1,0,0,0,0,0,0,0,0,0,1,0,0,0,0,0
20,74,53,74,14,72,69,15,8,9,46,3,27,4,0,0,2,0,3,0,0,0,0,0,0,0,0,0,0,0,0,0,0,0,0,0,0,0,1,0,0,0,0,0,0,0,0
27,53,29,67,33,63,44,23,7,14,44,13,16,2,0,0,1,0,6,0,0,0,0,0,0,0,0,0,0,0,0,0,0,0,0,0,1,0,0,0,0,0,0,0,0,0,0
24,71,32,70,12,75,50,14,6,8,0,0,0,0,0,0,0,0,0,0,0,0,0,0,0,0,0,0,0,0,0,0,0,0,0,0,0,0,1,0,0,0,0,0,0,0,0
22,75,68,75,69,64,74,63,11,26,63,20,25,2,1,0,2,0,10,0,0,0,0,24,4,17,0,2,0,2,0,3,0,0,0,0,0,0,1,0,0,0,0,0,0,0,0
19,53,39,66,13,69,44,16,12,6,16,3,13,1,0,0,0,0,3,0,0,0,0,0,0,0,0,0,0,0,0,0,0,0,0,0,0,1,0,0,0,0,0,0,0,0,0
26,74,62,77,42,78,74,29,14,16,52,16,12,3,0,0,1,0,13,0,0,0,0,63,13,20,2,5,0,2,0,7,0,0,0,0,0,0,0,0,0,1,0,0,0,0,0
18,16,29,21,12,4,33,9,61,69,35,7,8,2,1,0,0,0,6,0,0,0,0,45,9,6,3,3,0,1,0,8,0,0,0,0,0,0,0,0,0,0,0,0,1,0,0
31,69,55,75,43,78,65,23,14,6,0,0,0,0,0,0,0,0,0,0,0,0,0,93,9,23,9,4,0,0,0,2,0,0,0,0,0,0,0,0,0,0,0,0,0,1,0
25,74,68,72,74,72,70,66,5,14,38,13,17,2,0,0,5,0,4,0,0,0,0,59,21,10,2,3,0,9,0,10,0,0,0,0,0,0,0,0,0,0,1,0,0,0,0
21,60,33,74,13,65,52,11,13,14,27,6,14,2,0,0,1,0,2,0,0,0,0,0,0,0,0,0,0,0,0,0,0,0,0,0,0,0,0,0,0,0,0,1,0,0,0
34,71,41,75,21,83,62,19,12,10,21,6,14,0,0,0,2,0,3,0,0,0,0,111,26,10,10,2,0,4,0,13,0,0,0,0,0,0,0,0,0,0,0,1,0,0,0
27,66,35,76,21,82,59,12,15,5,15,4,29,0,0,0,0,0,1,0,1,0,0,111,26,7,11,2,0,3,0,11,0,2,0,0,0,0,0,0,0,0,1,0,0,0,0
21,65,39,68,21,63,60,18,6,11,27,6,15,1,1,0,1,0,6,0,0,0,0,21,1,11,2,0,0,0,0,1,0,0,0,0,0,0,0,1,0,0,0,0,0,0,0
30,70,65,73,37,66,67,30,11,11,0,0,0,0,0,0,0,0,0,0,0,0,0,0,0,0,0,0,0,0,0,0,0,0,0,0,0,0,0,0,0,0,0,0,0,1,0
22,64,43,71,14,77,65,14,12,13,0,0,0,0,0,0,0,0,0,0,0,0,0,103,22,14,9,4,0,4,2,8,0,0,0,0,0,1,0,0,0,0,0,0,0,0,0
24,69,67,72,25,64,67,16,12,12,20,5,18,1,0,0,1,0,4,0,0,0,0,64,16,21,3,1,0,2,0,10,0,0,0,0,0,0,0,0,0,0,0,1,0,0,0
32,67,45,74,25,84,60,16,4,4,86,16,21,8,0,0,1,0,14,0,0,0,0,51,7,20,4,3,0,1,1,7,0,0,0,0,0,0,0,0,0,0,1,0,0,0,0
20,60,46,66,32,66,48,25,5,6,3,0,4,0,0,0,0,0,0,0,0,0,0,0,0,0,0,0,0,0,0,0,0,0,0,0,0,0,0,0,0,0,0,1,0,0,0
24,62,39,74,19,78,48,22,8,6,59,15,17,3,2,0,2,0,7,0,0,0,0,0,0,0,0,0,0,0,0,0,0,0,0,0,0,0,0,0,0,0,0,0,1,0,0
21,80,57,83,24,68,75,29,7,11,67,18,17,3,3,0,1,0,14,0,0,0,0,37,8,13,2,2,0,0,0,7,0,0,0,0,0,1,0,0,0,0,0,0,0,0,0
24,69,61,71,62,67,66,68,7,9,0,0,0,0,0,0,0,0,0,0,0,0,0,0,0,0,0,0,0,0,0,0,0,0,0,0,0,0,0,0,0,0,0,0,0,1,0
24,73,65,75,37,70,76,34,13,8,0,0,0,0,0,0,0,0,0,0,0,0,0,3,0,9,0,0,0,0,0,0,0,0,0,0,1,0,0,0,0,0,0,0,0,0,0
27,68,62,72,28,70,59,18,16,11,59,15,18,2,3,0,4,0,14,0,0,0,0,66,21,8,3,1,0,1,0,16,0,0,0,0,0,0,0,0,0,1,0,0,0,0,0
17,58,40,69,24,70,59,18,6,11,0,0,2,0,0,0,0,0,0,0,0,0,0,0,0,0,0,0,0,0,0,0,0,0,0,0,0,0,0,0,0,1,0,0,0,0,0
34,61,50,65,28,73,55,24,14,7,0,0,0,0,0,0,0,0,0,0,0,0,0,0,0,0,0,0,0,0,0,0,0,0,0,0,0,0,0,0,0,0,0,1,0,0,0
26,79,59,84,40,87,74,23,6,6,200,28,3,28,3,0,3,0,7,0,2,0,0,175,34,0,21,3,0,5,0,6,0,1,0,0,0,1,0,0,0,0,0,0,0,0,0
19,60,47,54,16,49,58,21,14,8,5,0,5,0,1,0,0,0,0,0,0,0,0,0,0,0,0,0,0,0,0,0,0,0,0,0,0,0,1,0,0,0,0,0,0,0,0
23,65,40,68,29,72,52,16,12,9,39,5,24,3,0,0,2,0,2,0,0,0,0,25,4,30,1,0,0,0,0,2,0,0,0,0,0,0,1,0,0,0,0,0,0,0,0
28,81,73,87,42,86,83,30,10,13,219,36,2,24,11,0,6,0,8,0,1,0,0,137,28,2,13,5,0,1,0,12,0,0,0,0,0,1,0,0,0,0,0,0,0,0,0
20,68,58,79,15,70,65,23,9,7,82,29,5,3,3,0,1,1,12,0,0,0,0,21,1,21,1,0,0,1,0,1,0,0,0,0,0,0,1,0,0,0,0,0,0,0,0
24,66,56,72,22,63,57,14,8,14,0,0,0,0,0,0,0,0,0,0,0,0,0,0,0,0,0,0,0,0,0,0,0,0,0,0,0,0,0,0,0,0,0,0,0,1,0
19,67,63,73,31,64,58,38,13,11,16,6,8,0,0,0,1,0,4,0,0,0,0,0,0,0,0,0,0,0,0,0,0,0,0,0,0,0,0,0,0,0,1,0,0,0,0
20,68,58,71,41,76,67,37,7,9,0,0,0,0,0,0,0,0,0,0,0,0,0,0,0,1,0,0,0,0,0,0,0,0,0,0,0,0,0,0,0,0,0,0,1,0,0
20,68,50,74,20,68,50,23,14,11,48,3,31,5,1,0,1,0,2,0,0,0,0,0,0,0,0,0,0,0,0,0,0,0,0,0,0,0,0,0,0,1,0,0,0,0,0
27,77,71,79,52,79,75,49,6,15,79,16,9,6,3,0,1,0,11,0,0,0,0,135,34,1,12,4,0,5,0,15,0,0,0,0,0,1,0,0,0,0,0,0,0,0,0
26,66,54,70,33,79,67,22,16,14,110,26,8,9,3,0,2,0,14,0,0,0,0,0,0,0,0,0,0,0,0,0,0,0,0,0,0,1,0,0,0,0,0,0,0,0,0
26,77,59,79,44,80,76,23,11,24,36,8,10,2,2,0,3,0,3,0,0,0,0,99,21,8,9,3,0,5,0,8,0,0,0,0,0,0,0,0,0,1,0,0,0,0,0
21,70,69,68,72,63,68,62,11,22,51,18,19,0,1,0,3,0,3,0,0,0,0,11,2,12,0,0,0,0,0,1,0,0,0,0,0,0,1,0,0,0,0,0,0,0,0
23,68,42,78,31,85,61,15,7,7,209,34,1,26,7,0,5,0,1,0,3,0,0,134,31,7,12,4,0,4,0,11,0,0,0,0,0,0,0,0,0,0,1,0,0,0,0
37,78,61,75,36,65,76,20,5,5,0,0,0,0,0,0,0,0,0,0,0,0,0,0,0,0,0,0,0,0,0,0,0,0,0,0,0,0,0,0,0,0,1,0,0,0,0
20,45,33,67,10,72,40,10,5,3,0,0,0,0,0,0,0,0,0,0,0,0,0,1,0,6,0,0,0,0,0,0,0,0,0,0,0,0,0,0,0,0,0,1,0,0,0
22,70,48,74,18,75,63,15,3,3,109,31,7,5,7,0,2,0,15,0,0,0,0,0,0,0,0,0,0,0,0,0,0,0,0,0,0,0,0,0,0,0,1,0,0,0,0
18,53,36,67,16,62,45,22,10,11,2,0,9,0,0,0,0,0,0,0,0,0,0,0,0,0,0,0,0,0,0,0,0,0,0,0,0,0,0,0,0,0,1,0,0,0,0
24,65,43,70,28,71,50,13,9,9,0,0,0,0,0,0,0,0,0,0,0,0,0,0,0,0,0,0,0,0,0,0,0,0,0,0,0,0,0,0,0,0,1,0,0,0,0
25,68,40,70,43,70,59,29,9,6,0,0,0,0,0,0,0,0,0,0,0,0,0,0,0,0,0,0,0,0,0,0,0,0,0,0,1,0,0,0,0,0,0,0,0,0,0
21,65,61,56,48,53,63,29,6,9,2,0,17,0,0,0,0,0,0,0,0,0,0,0,0,0,0,0,0,0,0,0,0,0,0,0,0,0,0,0,0,0,1,0,0,0,0
26,79,53,84,21,84,66,20,14,15,160,28,6,15,8,0,1,0,15,0,0,0,0,57,12,13,5,2,0,1,0,3,0,1,0,0,0,0,0,0,0,1,0,0,0,0,0
30,84,83,84,70,67,83,60,10,10,0,0,0,0,0,0,0,0,0,0,0,0,0,0,0,0,0,0,0,0,0,0,0,0,0,0,0,0,0,0,0,0,0,0,1,0,0
28,65,57,74,45,76,65,42,14,6,68,15,4,7,1,0,3,0,6,0,0,0,0,89,13,15,9,2,0,2,0,5,0,0,0,0,0,1,0,0,0,0,0,0,0,0,0
25,73,55,73,23,74,68,20,14,11,53,15,0,5,0,0,0,0,9,0,1,0,0,129,34,2,12,2,0,5,0,4,0,1,0,0,0,0,1,0,0,0,0,0,0,0,0
22,68,56,85,45,79,69,46,10,16,82,11,26,4,8,0,5,0,7,0,0,0,0,64,8,28,5,4,0,7,0,7,0,0,0,0,0,0,0,0,0,0,0,0,1,0,0
25,58,30,69,24,72,39,20,14,15,13,2,35,0,0,0,0,0,1,0,0,0,0,0,0,0,0,0,0,0,0,0,0,0,0,0,0,0,0,0,0,0,1,0,0,0,0
23,68,57,75,29,69,64,20,15,14,46,16,11,2,2,0,10,0,9,0,0,0,0,25,9,23,1,0,0,3,0,6,0,0,0,0,0,0,0,0,0,1,0,0,0,0,0
24,59,49,71,14,72,37,14,6,7,29,9,13,1,0,0,1,0,6,0,0,0,0,0,0,0,0,0,0,0,0,0,0,0,0,0,0,0,0,1,0,0,0,0,0,0,0
21,75,58,84,42,80,72,35,8,22,79,18,13,4,6,0,2,0,11,0,0,0,0,133,31,4,11,5,0,2,0,3,0,0,0,0,0,1,0,0,0,0,0,0,0,0,0
21,70,66,71,64,66,60,56,13,12,0,0,2,0,0,0,0,0,0,0,0,0,0,2,1,6,0,0,0,0,0,1,0,0,0,0,0,0,1,0,0,0,0,0,0,0,0
26,79,75,86,35,91,76,23,8,28,169,36,1,16,8,0,3,0,14,0,2,0,0,192,36,2,22,5,0,5,0,16,0,1,0,0,0,0,0,0,0,0,0,0,1,0,0
34,68,56,75,26,78,68,20,10,7,21,6,11,0,1,0,0,0,6,0,0,0,0,68,16,17,4,2,0,2,0,15,0,0,0,0,0,0,0,0,0,0,0,1,0,0,0
21,71,56,83,21,80,72,21,14,13,54,16,7,3,1,0,2,0,6,0,0,0,0,110,27,2,11,1,0,4,0,14,0,0,0,0,0,0,0,0,0,0,0,0,1,0,0
23,56,42,70,19,69,37,21,7,10,54,12,18,4,1,0,1,0,4,0,1,0,0,0,0,0,0,0,0,0,0,0,0,0,0,0,0,0,0,0,1,0,0,0,0,0,0
20,49,41,59,25,50,53,27,9,8,0,0,0,0,0,0,0,0,0,0,0,0,0,1,0,4,0,0,0,1,0,0,0,0,0,0,0,0,1,0,0,0,0,0,0,0,0
25,65,54,68,29,70,61,31,14,8,0,0,0,0,0,0,0,0,0,0,0,0,0,0,0,0,0,0,0,0,0,0,0,0,0,0,1,0,0,0,0,0,0,0,0,0,0
27,74,70,76,43,65,67,22,12,11,0,0,0,0,0,0,0,0,0,0,0,0,0,6,1,8,0,1,0,1,0,1,0,0,0,0,0,0,0,0,0,0,0,0,0,0,1
21,54,38,55,20,53,57,23,8,8,0,0,0,0,0,0,0,0,0,0,0,0,0,0,0,0,0,0,0,0,0,0,0,0,0,0,0,0,0,1,0,0,0,0,0,0,0
36,73,52,82,23,86,73,46,10,9,134,27,5,16,1,0,8,0,5,0,0,0,0,169,30,4,20,6,0,9,0,5,0,2,0,0,0,0,0,0,0,0,0,0,1,0,0
23,63,62,76,36,79,60,29,16,6,45,4,19,5,0,0,1,0,2,0,0,0,0,0,0,0,0,0,0,0,0,0,0,0,0,0,0,0,0,0,0,0,1,0,0,0,0
25,65,61,75,18,47,48,18,6,13,0,0,0,0,0,0,0,0,0,0,0,0,0,0,0,0,0,0,0,0,0,0,0,0,0,0,0,0,0,0,0,0,0,1,0,0,0
19,60,58,62,28,62,64,28,6,13,28,4,14,2,0,0,0,0,3,0,0,0,0,0,0,0,0,0,0,0,0,0,0,0,0,0,0,0,0,1,0,0,0,0,0,0,0
19,48,22,45,25,54,43,23,15,11,1,0,4,0,0,0,0,0,0,0,0,0,0,0,0,0,0,0,0,0,0,0,0,0,0,0,0,0,0,0,0,0,0,1,0,0,0
26,69,69,75,27,71,67,18,15,7,15,2,20,1,1,0,1,1,2,0,0,0,0,21,5,1,2,0,0,0,0,5,0,0,0,0,0,0,0,0,0,1,0,0,0,0,0
33,67,49,75,28,73,66,22,6,7,6,0,9,0,0,0,0,0,0,0,0,0,0,74,16,16,5,3,0,1,0,10,0,0,0,0,0,0,0,0,0,0,0,0,0,0,1
27,62,36,68,32,72,64,35,10,11,0,0,0,0,0,0,0,0,0,0,0,0,0,76,19,9,7,0,0,3,0,8,0,0,0,0,0,0,0,0,1,0,0,0,0,0,0
27,66,57,76,35,73,63,33,10,10,78,20,8,6,2,0,6,0,12,0,0,0,0,0,0,0,0,0,0,0,0,0,0,0,0,0,0,1,0,0,0,0,0,0,0,0,0
21,46,35,67,22,64,48,16,8,8,16,2,29,0,0,0,2,0,0,0,0,0,0,0,0,0,0,0,0,0,0,0,0,0,0,0,1,0,0,0,0,0,0,0,0,0,0
23,72,51,78,18,79,65,19,12,8,0,0,0,0,0,0,0,0,0,0,0,0,0,88,22,16,6,2,0,4,0,12,0,0,0,0,0,1,0,0,0,0,0,0,0,0,0
20,59,50,61,19,46,62,17,12,10,1,0,3,0,0,0,0,0,0,0,0,0,0,0,0,0,0,0,0,0,0,0,0,0,0,0,0,0,0,0,0,1,0,0,0,0,0
31,73,46,78,38,79,69,39,11,13,164,30,3,20,3,0,6,0,8,0,0,0,0,81,18,18,6,0,0,0,0,8,0,0,0,0,0,0,0,0,0,0,0,0,0,0,1
19,62,48,69,22,53,56,24,11,9,7,1,12,0,0,0,0,0,1,0,0,0,0,0,0,0,0,0,0,0,0,0,0,0,0,0,0,0,0,0,0,1,0,0,0,0,0
22,68,51,71,19,73,50,20,10,7,0,0,0,0,0,0,0,0,0,0,0,0,0,14,5,9,0,0,0,1,0,2,0,0,0,0,0,0,1,0,0,0,0,0,0,0,0
26,70,64,75,33,70,66,18,7,11,50,8,25,3,3,0,2,0,7,0,0,0,0,91,27,9,3,6,0,3,0,16,0,0,0,0,0,0,0,0,0,0,0,0,1,0,0
17,65,58,67,28,64,56,16,7,12,6,1,16,0,0,0,0,0,1,0,0,0,0,0,0,0,0,0,0,0,0,0,0,0,0,0,0,1,0,0,0,0,0,0,0,0,0
24,67,52,73,25,78,65,21,6,7,81,14,21,6,3,0,1,0,7,0,1,0,0,47,12,3,4,0,0,0,0,10,0,0,0,0,0,1,0,0,0,0,0,0,0,0,0
25,65,59,72,32,76,62,25,10,7,18,4,15,0,1,0,0,1,4,0,0,0,1,83,19,14,7,1,0,3,0,10,0,0,0,0,0,0,1,0,0,0,0,0,0,0,0
27,76,72,78,42,78,71,15,12,8,12,4,1,1,0,0,2,0,1,0,0,0,0,107,31,4,5,7,0,5,0,13,0,0,0,0,0,0,1,0,0,0,0,0,0,0,0
31,56,54,68,33,73,65,24,8,8,0,0,0,0,0,0,0,0,0,0,0,0,0,0,0,0,0,0,0,0,0,0,0,0,0,0,1,0,0,0,0,0,0,0,0,0,0
24,66,62,73,40,71,38,16,8,12,78,23,6,5,2,0,1,1,10,0,0,0,0,0,0,0,0,0,0,0,0,0,0,0,0,0,0,0,0,0,0,1,0,0,0,0,0
20,66,43,71,12,77,56,12,9,7,31,3,22,2,0,0,1,0,3,0,0,0,0,9,3,7,0,0,0,0,0,3,0,0,0,0,0,0,0,0,0,0,0,0,1,0,0
24,65,59,73,40,72,66,38,9,13,8,1,10,0,0,0,0,0,0,0,0,0,0,0,0,0,0,0,0,0,0,0,0,0,0,0,0,0,0,0,0,0,0,0,1,0,0
30,56,61,75,25,65,58,13,6,8,36,6,14,2,1,0,1,0,2,0,0,0,0,12,3,16,0,0,0,0,0,1,0,0,0,0,0,0,0,0,0,0,0,0,0,1,0
22,56,55,65,42,76,67,35,9,16,0,0,0,0,0,0,0,0,0,0,0,0,0,0,0,0,0,0,0,0,0,0,0,0,0,0,0,0,1,0,0,0,0,0,0,0,0
24,65,53,72,17,69,61,25,7,14,76,22,12,5,1,0,2,0,17,0,0,0,0,9,0,18,0,0,0,0,0,0,0,0,0,0,0,0,0,0,0,1,0,0,0,0,0
24,65,47,72,15,62,56,16,6,8,0,0,0,0,0,0,0,0,0,0,0,0,0,13,6,11,0,0,0,2,1,4,0,0,0,0,0,0,0,0,0,0,1,0,0,0,0
20,72,70,81,41,78,69,24,6,12,24,4,3,2,1,0,0,0,3,0,0,0,0,0,0,0,0,0,0,0,0,0,0,0,0,0,0,0,0,0,0,1,0,0,0,0,0
22,72,66,80,11,65,72,18,15,10,15,4,15,0,0,0,1,0,1,0,0,0,0,0,0,0,0,0,0,0,0,0,0,0,0,0,0,0,0,0,0,0,1,0,0,0,0
23,74,59,77,38,75,69,24,8,10,69,21,11,2,4,0,6,0,16,0,0,0,0,43,8,26,1,2,0,0,0,7,0,1,0,0,0,0,0,0,0,0,0,0,1,0,0
28,72,64,74,49,69,73,17,7,15,6,2,4,0,0,0,1,0,0,0,0,0,0,75,25,1,4,5,0,11,0,3,0,0,0,0,0,0,0,0,0,1,0,0,0,0,0
22,59,43,67,25,66,63,22,7,15,0,0,0,0,0,0,0,0,0,0,0,0,0,0,0,0,0,0,0,0,0,0,0,0,0,0,1,0,0,0,0,0,0,0,0,0,0
25,70,60,75,40,77,71,20,15,6,66,16,6,6,0,0,0,0,14,0,0,0,0,47,9,4,5,0,0,0,0,4,0,0,0,0,0,1,0,0,0,0,0,0,0,0,0
30,57,39,66,42,71,51,34,16,13,0,0,0,0,0,0,0,0,0,0,0,0,0,72,19,19,3,2,0,2,0,13,0,0,0,0,1,0,0,0,0,0,0,0,0,0,0
30,72,50,81,34,87,66,12,12,8,120,25,9,13,2,0,3,0,20,0,2,0,0,165,36,2,18,1,0,2,0,13,0,0,0,0,0,0,0,0,0,0,0,0,1,0,0
22,59,51,74,24,81,59,35,16,13,57,10,23,4,1,0,1,0,6,0,0,0,0,66,7,24,7,0,0,1,0,5,0,0,0,0,0,0,0,0,0,0,0,0,0,1,0
21,52,30,66,20,70,52,18,13,12,9,1,3,1,0,0,0,0,1,0,0,0,0,1,0,2,0,0,0,0,0,0,0,0,0,0,0,0,0,0,0,0,0,0,0,1,0
28,81,63,81,37,81,80,12,14,10,109,31,5,9,2,0,6,0,19,0,1,0,0,99,32,3,5,4,0,5,0,13,0,0,0,0,0,0,0,0,0,0,0,0,1,0,0
22,62,33,65,24,62,58,23,16,15,0,0,0,0,0,0,0,0,0,0,0,0,0,0,0,0,0,0,0,0,0,0,0,0,0,0,1,0,0,0,0,0,0,0,0,0,0
26,75,66,82,39,82,73,30,13,6,96,17,9,11,1,0,5,0,10,0,0,0,0,120,21,14,12,3,0,4,0,12,0,0,0,0,0,0,0,0,0,0,0,0,1,0,0
33,60,42,85,18,80,55,34,9,11,45,11,13,3,1,0,5,0,4,0,0,0,0,122,33,3,12,3,0,12,0,6,0,0,0,1,0,0,0,0,0,0,0,0,1,0,0
27,59,46,74,47,83,61,31,11,13,58,11,6,6,1,0,1,0,9,0,0,0,0,14,2,8,1,0,0,0,0,2,0,0,0,0,0,1,0,0,0,0,0,0,0,0,0
27,63,58,67,29,68,66,28,16,11,0,0,0,0,0,0,0,0,0,0,0,0,0,16,2,8,1,0,0,0,0,2,0,0,0,0,0,0,0,0,0,1,0,0,0,0,0
25,58,43,65,41,65,49,20,7,13,0,0,0,0,0,0,0,0,0,0,0,0,0,0,0,0,0,0,0,0,0,0,0,0,0,0,0,0,0,1,0,0,0,0,0,0,0
28,62,41,73,47,76,67,34,7,9,0,0,0,0,0,0,0,0,0,0,0,0,0,0,0,0,0,0,0,0,0,0,0,0,0,0,1,0,0,0,0,0,0,0,0,0,0
25,65,48,70,40,77,59,32,16,16,0,0,0,0,0,0,0,0,0,0,0,0,0,0,0,0,0,0,0,0,0,0,0,0,0,0,0,1,0,0,0,0,0,0,0,0,0
26,72,48,78,29,76,73,25,5,5,139,36,0,15,2,0,10,0,7,0,2,0,0,95,14,16,9,3,0,2,0,3,0,0,0,0,0,1,0,0,0,0,0,0,0,0,0
18,62,48,71,18,57,67,15,8,11,0,0,5,0,0,0,0,0,0,0,0,0,0,0,0,0,0,0,0,0,0,0,0,0,0,0,0,0,0,0,0,0,0,1,0,0,0
26,68,55,70,41,66,51,23,13,11,0,0,0,0,0,0,0,0,0,0,0,0,0,10,0,8,1,0,0,1,0,0,0,0,0,0,0,0,1,0,0,0,0,0,0,0,0
26,65,55,67,33,66,64,34,14,6,0,0,0,0,0,0,0,0,0,0,0,0,0,0,0,0,0,0,0,0,0,0,0,0,0,0,0,0,0,0,1,0,0,0,0,0,0
32,72,70,72,36,75,74,32,13,32,35,9,17,1,1,0,2,0,5,0,0,0,0,0,0,0,0,0,0,0,0,0,0,0,0,0,0,0,0,1,0,0,0,0,0,0,0
25,62,59,59,63,35,54,62,12,6,0,0,0,0,0,0,0,0,0,0,0,0,0,0,0,0,0,0,0,0,0,0,0,0,0,0,0,0,0,0,1,0,0,0,0,0,0
20,58,51,67,24,42,57,35,11,15,0,0,1,0,0,0,0,0,0,0,0,0,0,0,0,0,0,0,0,0,0,0,0,0,0,0,0,0,0,1,0,0,0,0,0,0,0
21,62,45,60,29,62,52,21,15,13,0,0,1,0,0,0,0,0,0,0,0,0,0,0,0,0,0,0,0,0,0,0,0,0,0,0,0,1,0,0,0,0,0,0,0,0,0
26,65,59,70,40,73,57,32,11,15,0,0,0,0,0,0,0,0,0,0,0,0,0,0,0,0,0,0,0,0,0,0,0,0,0,0,0,0,0,0,0,0,0,0,1,0,0
27,70,49,80,40,86,62,31,8,6,190,36,1,23,3,0,7,0,6,0,0,0,0,72,15,13,7,2,0,4,0,8,0,1,0,0,0,0,0,0,0,0,1,0,0,0,0
22,48,29,64,19,66,46,20,5,5,0,0,0,0,0,0,0,0,0,0,0,0,0,0,0,0,0,0,0,0,0,0,0,0,0,0,0,0,0,0,0,0,0,1,0,0,0
38,75,74,78,33,82,78,18,7,14,36,10,13,1,1,0,1,0,8,0,0,0,0,119,17,11,14,3,0,3,0,8,0,1,0,0,0,0,0,0,0,1,0,0,0,0,0
24,62,57,70,18,68,60,19,16,12,21,4,7,2,0,0,1,0,2,0,0,0,0,69,15,6,5,3,0,1,0,10,0,0,0,0,0,1,0,0,0,0,0,0,0,0,0
21,71,64,72,29,77,69,20,7,15,44,17,7,1,2,0,2,0,10,0,0,0,0,82,30,4,5,0,0,4,1,8,0,0,0,0,0,0,1,0,0,0,0,0,0,0,0
30,69,59,72,36,80,69,39,14,8,55,16,15,4,0,0,4,0,12,0,0,0,0,0,0,0,0,0,0,0,0,0,0,0,0,0,0,0,0,0,0,0,0,0,1,0,0
26,66,54,73,34,67,58,34,11,10,0,0,0,0,0,0,0,0,0,0,0,0,0,0,0,0,0,0,0,0,0,0,0,0,0,0,0,0,0,0,0,0,0,0,0,1,0
25,74,60,82,26,72,69,20,12,13,90,21,17,4,5,0,1,0,11,0,0,0,0,49,13,4,2,4,0,1,0,9,0,0,0,0,0,0,0,0,0,0,0,0,1,0,0
21,65,52,74,27,67,58,22,14,12,19,3,33,1,0,0,4,0,3,0,0,0,1,0,0,0,0,0,0,0,0,0,0,0,0,0,0,0,0,0,0,0,1,0,0,0,0
32,83,77,93,29,95,85,22,11,11,195,29,0,25,6,0,4,0,5,0,1,0,0,274,36,0,35,11,0,2,0,2,0,2,0,0,0,0,0,0,0,0,0,0,1,0,0
34,74,58,81,25,80,79,16,5,12,125,31,2,12,2,0,3,0,18,0,1,0,0,129,34,3,11,3,0,2,1,11,0,0,0,0,0,0,0,0,0,0,1,0,0,0,0
32,61,38,68,40,71,64,35,13,16,0,0,0,0,0,0,0,0,0,0,0,0,0,19,5,11,1,0,0,2,0,1,0,0,0,0,0,0,0,0,0,0,0,0,0,0,1
21,60,35,74,15,59,53,15,15,7,0,0,0,0,0,0,0,0,0,0,0,0,0,0,0,0,0,0,0,0,0,0,0,0,0,0,0,0,0,0,0,0,0,0,1,0,0
31,57,23,68,29,79,38,16,9,15,0,0,0,0,0,0,0,0,0,0,0,0,0,111,33,5,8,1,0,1,0,8,0,0,0,0,0,0,0,0,0,0,0,1,0,0,0
26,63,37,72,29,75,58,29,6,15,0,0,0,0,0,0,0,0,0,0,0,0,0,31,7,0,3,1,0,1,0,0,0,0,0,0,0,0,0,0,0,1,0,0,0,0,0
21,61,55,63,22,55,59,23,11,14,0,0,1,0,0,0,0,0,0,0,0,0,0,0,0,0,0,0,0,0,0,0,0,0,0,0,0,0,0,0,0,0,0,0,1,0,0
21,55,39,65,17,62,57,19,15,8,0,0,0,0,0,0,0,0,0,0,0,0,0,0,0,0,0,0,0,0,0,0,0,0,0,0,0,0,0,0,0,0,0,0,0,1,0
27,74,62,81,22,84,74,15,15,13,44,7,20,3,1,0,1,0,7,0,0,0,0,68,11,7,8,1,0,0,0,5,0,0,0,0,0,1,0,0,0,0,0,0,0,0,0
33,61,34,72,15,75,52,13,10,15,0,0,0,0,0,0,0,0,0,0,0,0,0,0,0,0,0,0,0,0,0,0,0,0,0,0,0,0,0,0,0,0,0,1,0,0,0
21,68,60,77,24,56,68,28,12,12,0,0,0,0,0,0,0,0,0,0,0,0,0,7,1,14,0,0,0,0,0,0,0,0,0,0,0,0,0,0,0,0,1,0,0,0,0
24,69,61,76,39,79,68,33,13,6,0,0,0,0,0,0,0,0,0,0,0,0,0,18,3,6,2,0,0,1,0,2,0,0,0,0,0,1,0,0,0,0,0,0,0,0,0
26,76,64,78,32,80,72,28,10,16,40,8,8,2,2,0,0,0,6,0,0,0,0,44,7,5,4,2,0,0,0,7,0,0,0,0,0,1,0,0,0,0,0,0,0,0,0
27,69,63,75,47,74,78,41,13,9,93,27,6,6,3,0,4,0,14,0,1,0,0,41,15,2,2,1,0,4,0,12,0,0,0,0,0,0,0,0,1,0,0,0,0,0,0
20,54,39,54,14,63,52,11,10,11,0,0,1,0,0,0,0,0,0,0,0,0,0,0,0,0,0,0,0,0,0,0,0,0,0,0,0,0,0,0,0,0,0,0,1,0,0
33,57,31,68,23,75,50,21,9,8,0,0,0,0,0,0,0,0,0,0,0,0,0,0,0,0,0,0,0,0,0,0,0,0,0,0,1,0,0,0,0,0,0,0,0,0,0
24,67,54,75,38,65,66,20,8,10,52,11,23,1,3,0,1,0,6,0,0,0,0,0,0,0,0,0,0,0,0,0,0,0,0,0,0,0,0,0,0,0,0,0,0,1,0
34,59,48,68,35,74,58,30,10,15,9,2,7,0,0,0,1,0,0,0,0,0,0,14,3,13,0,0,0,3,0,2,0,0,0,0,0,0,0,0,0,0,0,0,0,1,0
21,63,61,68,18,56,47,23,13,6,0,0,0,0,0,0,0,0,0,0,0,0,0,0,0,0,0,0,0,0,0,0,0,0,0,0,0,0,0,1,0,0,0,0,0,0,0
31,58,42,69,32,74,58,36,10,11,0,0,0,0,0,0,0,0,0,0,0,0,0,0,0,0,0,0,0,0,0,0,0,0,0,0,0,0,0,0,0,0,0,0,0,1,0
22,51,46,60,22,56,53,20,13,8,0,0,0,0,0,0,0,0,0,0,0,0,0,0,0,0,0,0,0,0,0,0,0,0,0,0,0,0,0,0,0,0,0,1,0,0,0
23,58,49,63,32,63,51,25,10,7,0,0,0,0,0,0,0,0,0,0,0,0,0,0,0,0,0,0,0,0,0,0,0,0,0,0,0,0,0,0,0,0,0,1,0,0,0
22,61,45,71,29,75,58,25,11,14,42,2,32,4,1,0,4,0,2,0,0,0,0,0,0,0,0,0,0,0,0,0,0,0,0,0,0,0,0,0,0,1,0,0,0,0,0
32,60,39,54,24,76,56,24,8,7,0,0,0,0,0,0,0,0,0,0,0,0,0,0,0,0,0,0,0,0,0,0,0,0,0,0,0,0,0,0,0,0,0,0,0,1,0
24,62,48,65,32,69,53,35,15,13,0,0,0,0,0,0,0,0,0,0,0,0,0,0,0,0,0,0,0,0,0,0,0,0,0,0,0,0,0,0,1,0,0,0,0,0,0
31,70,66,74,25,74,76,11,11,16,0,0,0,0,0,0,0,0,0,0,0,0,0,0,0,0,0,0,0,0,0,0,0,0,0,0,0,0,0,0,0,0,0,0,0,0,1
27,62,52,73,37,77,56,24,10,16,11,2,3,1,0,0,0,0,2,0,0,0,0,64,18,3,5,1,0,3,0,11,0,0,0,0,0,1,0,0,0,0,0,0,0,0,0
28,67,52,83,40,88,74,28,13,11,179,35,1,20,7,0,10,0,8,0,1,0,0,125,27,2,12,6,0,8,0,6,0,0,0,0,0,1,0,0,0,0,0,0,0,0,0
26,71,61,75,31,60,65,19,6,13,0,0,0,0,0,0,0,0,0,0,0,0,0,0,0,0,0,0,0,0,0,0,0,0,0,0,0,0,0,0,0,0,0,0,0,1,0
26,64,54,71,20,77,58,11,12,14,135,35,2,13,2,0,7,0,5,0,0,0,0,49,11,27,2,1,0,1,0,8,0,0,0,0,0,0,0,0,0,0,1,0,0,0,0
27,72,55,79,25,70,68,11,7,14,67,12,11,6,3,0,4,0,6,0,0,0,0,0,0,0,0,0,0,0,0,0,0,0,0,0,0,0,0,0,0,0,1,0,0,0,0
28,82,69,87,36,78,84,24,8,8,108,20,14,8,6,0,2,0,13,0,0,0,0,100,28,3,4,9,0,3,1,9,0,0,0,0,0,0,0,0,0,0,1,0,0,0,0
24,76,62,76,24,82,74,33,7,14,87,19,12,9,0,0,3,1,9,0,0,0,0,96,22,11,7,4,0,4,0,7,0,0,0,0,0,0,0,0,0,0,0,0,1,0,0
22,66,59,67,72,39,47,72,9,9,3,1,10,0,0,0,0,0,0,0,0,0,0,0,0,0,0,0,0,0,0,0,0,0,0,0,1,0,0,0,0,0,0,0,0,0,0
22,75,59,75,28,80,71,30,13,15,92,14,24,7,3,0,0,0,9,0,0,0,0,51,7,16,5,1,0,0,0,5,0,0,0,0,0,0,0,0,0,1,0,0,0,0,0
19,71,58,76,22,66,63,24,15,10,0,0,1,0,0,0,0,0,0,0,0,0,0,0,0,0,0,0,0,0,0,0,0,0,0,0,0,1,0,0,0,0,0,0,0,0,0
20,64,61,76,26,66,73,20,13,8,20,2,11,2,0,0,1,0,2,0,0,0,0,0,0,0,0,0,0,0,0,0,0,0,0,0,0,0,0,0,0,1,0,0,0,0,0
22,55,44,59,14,57,54,18,12,14,0,0,0,0,0,0,0,0,0,0,0,0,0,10,3,8,0,0,0,0,0,3,0,0,0,0,0,0,0,1,0,0,0,0,0,0,0
26,64,38,76,20,78,47,20,9,8,131,37,1,10,3,0,3,0,12,0,0,0,0,81,15,11,8,2,0,5,0,5,0,0,0,0,0,0,0,0,0,0,1,0,0,0,0
26,62,53,71,35,78,34,12,7,8,0,0,0,0,0,0,0,0,0,0,0,0,0,37,8,11,3,0,0,2,0,5,0,0,0,0,0,1,0,0,0,0,0,0,0,0,0
30,76,58,85,24,85,78,18,12,9,0,0,0,0,0,0,0,0,0,0,0,0,0,0,0,0,0,0,0,0,0,0,0,0,0,0,0,0,0,0,0,0,1,0,0,0,0
31,77,72,80,50,89,70,11,11,15,236,33,4,29,9,0,4,0,8,0,1,0,0,100,21,13,8,5,0,4,1,5,0,0,0,0,0,0,0,0,0,0,1,0,0,0,0
30,78,50,80,48,92,77,24,5,10,253,35,2,35,4,0,5,0,13,0,0,0,0,161,24,10,19,5,0,3,0,4,0,1,0,0,0,0,1,0,0,0,0,0,0,0,0
19,38,31,63,15,59,38,18,9,7,0,0,3,0,0,0,0,0,0,0,0,0,0,0,0,1,0,0,0,0,0,0,0,0,0,0,0,0,0,0,0,0,0,1,0,0,0
29,58,49,64,39,70,65,12,14,8,0,0,0,0,0,0,0,0,0,0,0,0,0,0,0,0,0,0,0,0,0,0,0,0,0,0,0,0,0,1,0,0,0,0,0,0,0
34,22,32,32,24,11,42,13,74,150,0,0,2,0,0,0,0,0,0,0,0,0,0,0,0,0,0,0,0,0,0,0,0,0,0,0,0,1,0,0,0,0,0,0,0,0,0
25,66,54,71,25,71,66,20,12,8,0,0,0,0,0,0,0,0,0,0,0,0,0,13,3,14,0,0,0,0,0,3,0,0,0,0,0,1,0,0,0,0,0,0,0,0,0
30,74,61,82,32,73,67,22,13,8,0,0,0,0,0,0,0,0,0,0,0,0,0,0,0,0,0,0,0,0,0,0,0,0,0,0,0,0,0,0,0,0,0,0,0,0,1
16,68,62,69,11,49,52,28,12,6,2,0,5,0,0,0,0,0,0,0,0,0,0,0,0,0,0,0,0,0,0,0,0,0,0,0,0,0,0,0,0,0,1,0,0,0,0
35,63,45,70,15,76,53,15,9,8,0,0,0,0,0,0,0,0,0,0,0,0,0,0,0,0,0,0,0,0,0,0,0,0,0,0,0,0,0,0,0,0,0,1,0,0,0
32,78,70,80,66,80,76,58,11,7,22,1,34,1,0,0,0,0,1,0,0,0,0,83,27,4,7,0,0,7,0,10,0,0,0,0,0,0,0,0,0,0,1,0,0,0,0
22,48,43,54,13,48,64,13,13,6,0,0,0,0,0,0,0,0,0,0,0,0,0,0,0,0,0,0,0,0,0,0,0,0,0,0,0,0,0,0,0,0,0,1,0,0,0
25,86,70,85,43,77,86,23,7,11,145,27,3,8,18,0,1,1,13,0,1,0,0,0,0,0,0,0,0,0,0,0,0,0,0,0,0,0,0,0,0,1,0,0,0,0,0
26,74,64,79,61,79,58,28,11,7,127,29,5,12,4,0,6,0,10,0,1,0,0,89,22,10,6,3,0,3,0,10,0,0,0,0,0,0,1,0,0,0,0,0,0,0,0
18,56,51,68,25,65,55,31,9,5,0,0,3,0,0,0,0,0,0,0,0,0,0,0,0,0,0,0,0,0,0,0,0,0,0,0,0,0,0,0,0,0,0,1,0,0,0
27,61,52,68,24,72,59,29,10,16,20,8,15,0,1,0,3,1,4,0,0,0,0,4,1,7,0,0,0,0,0,1,0,0,0,0,0,0,1,0,0,0,0,0,0,0,0
22,73,54,72,25,77,64,31,12,9,92,24,0,10,1,0,7,0,8,0,1,0,0,60,15,17,3,4,0,8,1,9,0,0,0,0,0,0,1,0,0,0,0,0,0,0,0
29,71,61,73,26,80,70,12,14,12,0,0,0,0,0,0,0,0,0,0,0,0,0,0,0,0,0,0,0,0,0,0,0,0,0,0,0,0,0,0,0,0,0,0,0,0,1
21,62,35,62,29,64,45,25,11,6,4,2,4,0,0,0,0,0,1,0,0,0,0,0,0,0,0,0,0,0,0,0,0,0,0,0,0,0,0,0,0,0,0,0,1,0,0
26,76,72,72,70,58,68,61,10,10,18,11,4,0,1,0,8,0,4,0,0,0,0,0,0,0,0,0,0,0,0,0,0,0,0,0,0,0,0,0,0,0,0,0,1,0,0
22,66,59,59,58,48,48,65,11,12,26,11,21,0,1,0,0,0,2,0,0,0,0,2,1,0,0,0,0,0,0,0,0,0,0,0,0,0,0,1,0,0,0,0,0,0,0
21,63,56,61,21,63,48,25,15,10,0,0,0,0,0,0,0,0,0,0,0,0,0,0,0,0,0,0,0,0,0,0,0,0,0,0,0,0,0,0,0,0,0,1,0,0,0
21,59,48,74,17,73,64,22,11,7,5,0,25,0,0,0,0,0,0,0,0,0,0,0,0,0,0,0,0,0,0,0,0,0,0,0,0,0,0,0,0,0,1,0,0,0,0
20,44,32,52,10,55,54,14,8,14,1,0,4,0,0,0,0,0,0,0,0,0,0,0,0,0,0,0,0,0,0,0,0,0,0,0,0,0,0,1,0,0,0,0,0,0,0
20,55,47,67,24,67,54,23,16,6,38,10,19,2,0,0,5,0,3,0,1,0,0,0,0,9,0,0,0,0,0,0,0,0,0,0,0,0,1,0,0,0,0,0,0,0,0
31,77,68,83,31,75,77,18,7,15,60,19,5,3,3,0,6,0,10,0,0,0,0,109,33,1,7,6,0,10,0,9,0,0,0,0,0,0,0,0,0,0,0,0,1,0,0
19,60,45,62,38,62,55,27,9,8,4,1,3,0,0,0,0,0,1,0,0,0,0,1,0,1,0,0,0,0,0,0,0,0,0,0,0,0,0,0,0,1,0,0,0,0,0
26,75,62,75,30,78,71,13,6,6,48,19,7,2,0,0,5,0,5,0,0,0,0,73,22,7,5,2,0,6,0,11,0,0,0,0,0,0,0,0,0,0,1,0,0,0,0
24,53,35,68,19,80,48,18,10,12,94,28,3,8,1,0,6,0,18,0,1,0,0,0,0,0,0,0,0,0,0,0,0,0,0,0,1,0,0,0,0,0,0,0,0,0,0
20,54,43,66,26,57,46,25,13,7,0,0,0,0,0,0,0,0,0,0,0,0,0,4,0,14,0,0,0,0,0,0,0,0,0,0,0,0,0,0,0,0,1,0,0,0,0
19,74,60,80,26,74,66,28,7,7,61,17,21,3,2,0,4,0,12,0,0,0,0,0,0,0,0,0,0,0,0,0,0,0,0,0,0,0,0,0,0,0,1,0,0,0,0
23,75,67,78,23,70,68,30,10,5,58,11,21,4,3,0,3,1,6,0,0,0,0,0,0,0,0,0,0,0,0,0,0,0,0,0,0,0,0,0,0,0,1,0,0,0,0
25,68,25,73,35,70,63,20,12,7,0,0,0,0,0,0,0,0,0,0,0,0,0,0,0,0,0,0,0,0,0,0,0,0,0,0,0,0,0,0,0,0,0,1,0,0,0
30,65,40,71,20,67,62,12,9,7,28,4,10,3,0,0,1,0,1,0,0,0,0,0,0,0,0,0,0,0,0,0,0,0,0,0,0,0,0,0,0,0,1,0,0,0,0
28,69,53,77,43,82,61,42,13,10,47,14,18,2,1,0,5,0,12,0,1,0,0,89,26,6,8,0,0,6,0,14,0,1,0,0,0,0,0,0,0,0,1,0,0,0,0
21,60,42,68,22,70,54,18,13,15,27,6,3,2,1,0,1,0,5,0,0,0,0,11,1,15,0,0,0,2,0,0,0,0,0,0,0,0,0,0,1,0,0,0,0,0,0
28,61,55,63,14,59,46,20,11,10,10,1,21,0,0,0,0,0,0,0,0,0,0,14,7,6,0,0,0,2,0,2,0,0,0,0,0,0,0,1,0,0,0,0,0,0,0
27,71,60,78,30,69,70,36,6,8,0,0,0,0,0,0,0,0,0,0,0,0,0,0,0,1,0,0,0,0,0,0,0,0,0,0,1,0,0,0,0,0,0,0,0,0,0
33,79,51,81,20,82,76,17,13,10,94,13,21,8,5,0,3,0,11,0,1,0,0,111,17,17,11,4,0,3,0,10,0,0,0,0,0,0,0,0,0,0,0,0,1,0,0
24,71,60,80,32,73,72,29,14,13,84,29,3,4,3,0,5,0,16,0,0,0,0,95,30,0,5,5,0,5,0,10,0,0,0,0,0,0,0,0,0,1,0,0,0,0,0
18,68,70,66,40,55,69,46,13,7,2,1,8,0,0,0,0,0,1,0,0,0,0,0,0,0,0,0,0,0,0,0,0,0,0,0,0,0,0,0,0,0,1,0,0,0,0
23,64,32,71,24,75,70,19,6,10,43,13,2,3,0,0,0,0,5,0,0,0,0,0,0,0,0,0,0,0,0,0,0,0,0,0,0,0,1,0,0,0,0,0,0,0,0
25,72,68,71,52,54,69,51,13,15,33,9,18,0,1,0,4,0,6,0,0,0,0,0,0,0,0,0,0,0,0,0,0,0,0,0,0,0,1,0,0,0,0,0,0,0,0
26,68,48,68,36,77,63,27,7,16,117,29,5,10,3,0,4,0,19,0,0,0,0,11,1,15,0,0,0,2,0,1,0,0,0,0,0,0,0,0,0,1,0,0,0,0,0
24,64,53,76,51,84,67,27,6,6,129,32,5,12,2,0,6,0,12,0,0,0,0,0,0,0,0,0,0,0,0,0,0,0,0,0,0,0,0,0,0,0,0,0,1,0,0
29,62,41,69,22,72,57,32,15,16,17,0,24,1,0,0,0,0,0,0,0,0,0,14,4,19,0,0,0,1,0,4,0,0,0,0,1,0,0,0,0,0,0,0,0,0,0
20,55,45,65,12,59,55,16,15,15,0,0,0,0,0,0,0,0,0,0,0,0,0,5,0,8,0,0,0,1,0,0,0,0,0,0,0,0,0,1,0,0,0,0,0,0,0
28,70,53,76,38,74,67,22,10,9,19,3,12,0,2,0,2,0,3,0,0,0,0,48,13,17,2,1,0,3,0,5,0,0,0,0,0,0,0,0,0,1,0,0,0,0,0
21,69,55,75,24,72,68,35,12,10,88,17,19,6,5,0,4,0,9,0,0,0,0,47,17,7,3,0,0,2,2,9,0,0,0,0,0,0,1,0,0,0,0,0,0,0,0
23,21,25,19,13,5,15,8,49,64,0,0,0,0,0,0,0,0,0,0,0,0,0,0,0,0,0,0,0,0,0,0,0,0,0,0,0,0,0,1,0,0,0,0,0,0,0
24,44,43,64,18,59,43,11,12,9,0,0,2,0,0,0,0,0,0,0,0,0,0,0,0,0,0,0,0,0,0,0,0,0,0,0,0,1,0,0,0,0,0,0,0,0,0
30,61,54,70,20,61,61,48,6,9,0,0,0,0,0,0,0,0,0,0,0,0,0,39,13,2,1,2,0,0,0,7,0,0,0,0,1,0,0,0,0,0,0,0,0,0,0
20,75,66,85,32,83,75,20,8,15,63,8,2,7,4,0,2,0,3,0,0,0,0,0,0,0,0,0,0,0,0,0,0,0,0,0,0,1,0,0,0,0,0,0,0,0,0
21,58,43,62,22,63,50,23,13,14,0,0,0,0,0,0,0,0,0,0,0,0,0,0,0,0,0,0,0,0,0,0,0,0,0,0,0,0,0,0,0,0,0,1,0,0,0
26,74,64,81,46,67,74,23,12,13,31,8,3,2,1,0,0,0,7,0,0,0,0,2,1,2,0,0,0,1,0,1,0,0,0,0,0,0,1,0,0,0,0,0,0,0,0
28,71,53,72,28,73,71,31,13,16,0,0,0,0,0,0,0,0,0,0,0,0,0,59,16,13,4,1,0,2,0,13,0,0,0,0,0,0,0,1,0,0,0,0,0,0,0
23,70,51,72,17,76,63,38,15,9,99,21,16,6,5,0,3,0,8,0,0,0,0,1,0,3,0,0,0,0,0,0,0,0,0,0,0,0,1,0,0,0,0,0,0,0,0
21,62,53,66,18,58,56,38,14,6,0,0,5,0,0,0,0,0,0,0,0,0,0,8,0,9,1,0,0,0,0,0,0,0,0,0,0,0,0,1,0,0,0,0,0,0,0
23,54,40,68,20,70,50,13,15,6,0,0,0,0,0,0,0,0,0,0,0,0,0,11,3,32,0,0,0,2,0,2,0,0,0,0,0,0,0,0,0,0,0,1,0,0,0
29,67,48,73,15,74,60,17,7,12,0,0,0,0,0,0,0,0,0,0,0,0,0,2,0,4,0,0,0,0,0,0,0,0,0,0,1,0,0,0,0,0,0,0,0,0,0
21,51,35,66,15,74,46,21,11,10,0,0,0,0,0,0,0,0,0,0,0,0,0,0,0,0,0,0,0,0,0,0,0,0,0,0,0,0,0,0,0,0,1,0,0,0,0
28,65,44,67,17,62,57,22,11,11,0,0,0,0,0,0,0,0,0,0,0,0,0,0,0,0,0,0,0,0,0,0,0,0,0,0,0,0,1,0,0,0,0,0,0,0,0
25,75,56,79,40,82,58,42,12,10,141,36,0,13,4,0,6,0,4,0,1,0,0,91,19,14,7,3,0,4,0,10,0,0,0,0,0,0,0,0,0,0,0,0,1,0,0
32,65,40,74,20,86,58,16,5,3,0,0,0,0,0,0,0,0,0,0,0,0,0,77,20,11,6,1,0,5,0,6,0,0,0,0,0,0,0,0,0,0,1,0,0,0,0
27,68,34,77,19,79,61,19,15,12,86,13,24,8,3,0,4,0,7,0,0,0,0,0,0,0,0,0,0,0,0,0,0,0,0,0,0,0,0,0,0,0,1,0,0,0,0
30,67,50,76,15,65,66,22,10,13,0,0,0,0,0,0,0,0,0,0,0,0,0,0,0,0,0,0,0,0,0,0,0,0,0,0,0,0,0,0,0,0,0,1,0,0,0
26,70,64,73,36,71,68,29,16,6,30,8,21,0,0,0,1,0,8,0,0,0,0,76,32,0,2,2,0,4,0,25,0,0,0,0,0,0,1,0,0,0,0,0,0,0,0
21,68,55,75,23,79,60,23,15,11,122,29,9,12,1,0,3,0,7,0,1,0,0,0,0,0,0,0,0,0,0,0,0,0,0,0,0,0,0,0,0,0,1,0,0,0,0
28,73,67,75,18,74,73,17,9,16,108,32,2,9,1,0,6,0,18,0,0,0,0,106,28,7,7,7,0,10,0,8,0,1,0,0,0,0,1,0,0,0,0,0,0,0,0
25,66,51,70,25,68,63,12,13,6,0,0,0,0,0,0,0,0,0,0,0,0,0,0,0,0,0,0,0,0,0,0,0,0,0,0,0,0,0,0,0,0,0,1,0,0,0
20,64,57,63,42,62,54,41,10,15,0,0,0,0,0,0,0,0,0,0,0,0,0,1,0,3,0,0,0,0,0,0,0,0,0,0,0,0,0,0,0,0,0,1,0,0,0
33,65,55,70,45,80,68,24,16,10,0,0,0,0,0,0,0,0,0,0,0,0,0,40,8,18,3,0,0,2,0,7,0,1,0,0,0,1,0,0,0,0,0,0,0,0,0
20,73,62,74,47,78,71,25,12,9,11,1,14,0,1,0,0,0,1,0,0,0,0,0,0,0,0,0,0,0,0,0,0,0,0,0,0,0,0,0,0,0,0,0,1,0,0
29,75,59,85,20,92,70,12,12,10,198,32,6,24,3,0,1,0,7,0,0,0,0,254,35,0,36,2,0,2,0,14,0,0,0,0,0,0,0,0,0,0,1,0,0,0,0
33,74,65,83,39,79,71,25,14,15,37,6,29,3,0,0,1,1,5,0,0,0,0,21,9,18,0,0,0,0,1,4,0,0,0,0,0,0,0,0,0,0,1,0,0,0,0
22,52,40,59,20,57,51,20,16,12,0,0,2,0,0,0,0,0,0,0,0,0,0,0,0,0,0,0,0,0,0,0,0,0,0,0,1,0,0,0,0,0,0,0,0,0,0
21,62,43,65,19,71,45,20,12,7,0,0,0,0,0,0,0,0,0,0,0,0,0,41,7,9,3,2,0,3,0,7,0,0,0,0,0,0,0,1,0,0,0,0,0,0,0
26,62,57,74,34,77,59,32,11,12,62,5,19,7,1,0,0,0,1,0,0,0,0,67,15,19,4,2,0,2,0,8,0,0,0,1,0,0,1,0,0,0,0,0,0,0,0
27,70,52,79,25,73,60,19,15,6,41,11,22,0,4,0,2,0,10,0,0,0,0,0,0,0,0,0,0,0,0,0,0,0,0,0,0,0,0,0,0,0,0,1,0,0,0
22,57,40,64,19,56,59,19,14,12,34,7,12,1,1,0,0,0,4,0,0,0,0,0,0,0,0,0,0,0,0,0,0,0,0,0,0,0,0,1,0,0,0,0,0,0,0
23,59,47,66,26,64,54,25,8,10,0,0,0,0,0,0,0,0,0,0,0,0,0,0,0,0,0,0,0,0,0,0,0,0,0,0,1,0,0,0,0,0,0,0,0,0,0
19,52,36,61,13,57,55,22,15,9,0,0,1,0,0,0,0,0,0,0,0,0,0,0,0,0,0,0,0,0,0,0,0,0,0,0,0,0,0,0,1,0,0,0,0,0,0
28,63,57,67,32,62,59,40,7,13,52,5,27,3,2,0,3,0,4,0,0,0,0,0,0,0,0,0,0,0,0,0,0,0,0,0,0,1,0,0,0,0,0,0,0,0,0
23,75,67,82,35,89,75,41,10,11,220,29,1,29,7,0,3,0,16,0,1,0,0,199,38,0,25,2,0,5,0,9,0,0,0,1,0,1,0,0,0,0,0,0,0,0,0
23,68,49,72,43,72,64,41,15,13,7,0,6,0,1,0,0,0,0,0,0,0,0,0,0,0,0,0,0,0,0,0,0,0,0,0,0,0,0,0,1,0,0,0,0,0,0
30,66,61,75,42,71,71,34,16,10,0,0,0,0,0,0,0,0,0,0,0,0,0,0,0,0,0,0,0,0,0,0,0,0,0,0,0,0,0,0,0,0,0,0,0,0,1
26,78,77,78,64,75,78,60,8,11,56,21,8,1,2,0,3,0,12,0,0,0,0,48,20,8,2,0,0,4,0,5,0,0,0,0,0,1,0,0,0,0,0,0,0,0,0
24,78,64,82,29,83,78,17,13,20,143,23,13,14,6,0,2,0,15,0,0,0,0,66,14,17,4,1,0,0,0,13,0,0,0,0,0,1,0,0,0,0,0,0,0,0,0
22,45,28,64,15,53,55,18,13,11,0,0,0,0,0,0,0,0,0,0,0,0,0,0,0,0,0,0,0,0,0,0,0,0,0,0,0,0,0,0,0,0,0,0,0,1,0
31,69,60,74,44,71,69,28,8,9,0,0,0,0,0,0,0,0,0,0,0,0,0,0,0,0,0,0,0,0,0,0,0,0,0,0,0,0,0,0,0,0,0,0,0,0,1
29,80,64,84,36,85,68,20,16,13,152,25,10,19,3,0,9,0,9,0,0,0,0,135,31,4,13,4,0,8,0,17,0,0,0,0,0,0,0,0,0,0,0,0,1,0,0
27,73,75,80,45,70,75,45,8,11,81,23,8,5,2,0,2,0,19,0,0,0,0,4,1,7,0,0,0,2,0,1,0,0,0,0,0,0,0,0,0,0,0,0,1,0,0
19,62,61,64,48,39,48,62,5,11,0,0,0,0,0,0,0,0,0,0,0,0,0,0,0,0,0,0,0,0,0,0,0,0,0,0,0,0,0,1,0,0,0,0,0,0,0
25,61,39,65,18,78,58,16,9,7,0,0,0,0,0,0,0,0,0,0,0,0,0,0,0,0,0,0,0,0,0,0,0,0,0,0,0,0,1,0,0,0,0,0,0,0,0
33,62,51,70,34,71,61,26,16,8,0,0,0,0,0,0,0,0,0,0,0,0,0,4,1,10,0,0,0,0,0,1,0,0,0,0,0,0,0,0,0,0,0,0,0,1,0
25,62,54,64,22,64,39,20,10,8,0,0,0,0,0,0,0,0,0,0,0,0,0,0,0,0,0,0,0,0,0,0,0,0,0,0,0,0,0,0,1,0,0,0,0,0,0
20,58,42,61,23,54,51,16,11,5,0,0,0,0,0,0,0,0,0,0,0,0,0,0,0,5,0,0,0,0,0,0,0,0,0,0,0,0,1,0,0,0,0,0,0,0,0
20,18,22,13,10,6,30,17,62,71,0,0,3,0,0,0,0,0,0,0,0,0,0,1,0,4,0,0,0,0,0,0,0,0,0,0,0,0,0,0,0,0,0,1,0,0,0
21,66,67,69,21,62,60,23,6,16,46,12,4,3,1,0,0,0,10,0,0,0,0,0,0,0,0,0,0,0,0,0,0,0,0,0,0,0,1,0,0,0,0,0,0,0,0
21,68,55,79,20,72,61,22,15,10,27,2,22,1,1,0,2,0,1,0,0,0,0,83,28,2,6,2,0,11,0,11,0,0,0,0,0,1,0,0,0,0,0,0,0,0,0
25,86,85,91,70,83,84,25,8,12,113,17,18,10,7,0,4,0,13,0,0,0,0,83,21,15,3,7,0,2,1,13,0,0,0,0,0,0,0,0,0,0,0,0,1,0,0
25,72,61,78,29,75,73,15,12,14,0,0,0,0,0,0,0,0,0,0,0,0,0,0,0,0,0,0,0,0,0,0,0,0,0,0,0,0,0,0,0,1,0,0,0,0,0
29,73,61,75,54,85,72,34,9,11,82,13,12,7,4,0,1,0,7,0,0,0,0,0,0,0,0,0,0,0,0,0,0,0,0,0,0,1,0,0,0,0,0,0,0,0,0
27,69,61,65,67,70,59,71,13,6,48,19,11,0,3,0,5,0,4,0,1,0,0,60,28,8,2,0,0,8,0,4,0,0,0,0,0,0,0,0,0,0,0,0,0,1,0
22,65,60,63,57,55,65,58,10,7,0,0,1,0,0,0,0,0,0,0,0,0,0,0,0,0,0,0,0,0,0,0,0,0,0,0,0,0,0,0,0,0,0,0,1,0,0
23,68,62,76,37,71,68,25,15,13,3,1,1,0,0,0,0,0,1,0,0,0,0,22,6,12,1,0,0,1,0,4,0,0,0,0,1,0,0,0,0,0,0,0,0,0,0
28,69,44,70,40,75,62,26,9,15,137,34,2,15,1,0,7,0,13,0,1,0,0,0,0,0,0,0,0,0,0,0,0,0,0,0,0,0,1,0,0,0,0,0,0,0,0
23,68,62,75,38,70,62,25,15,12,0,0,0,0,0,0,0,0,0,0,0,0,0,0,0,1,0,0,0,0,0,0,0,0,0,0,0,0,0,0,0,0,0,0,1,0,0
22,54,40,65,12,65,57,16,11,11,0,0,0,0,0,0,0,0,0,0,0,0,0,0,0,1,0,0,0,0,0,0,0,0,0,0,0,0,0,0,0,0,0,1,0,0,0
23,51,34,63,34,70,48,18,10,8,0,0,0,0,0,0,0,0,0,0,0,0,0,0,0,0,0,0,0,0,0,0,0,0,0,0,0,0,0,0,0,0,0,0,1,0,0
21,59,52,69,24,71,60,16,15,16,0,0,0,0,0,0,0,0,0,0,0,0,0,1,0,1,0,0,0,0,0,0,0,0,0,0,0,1,0,0,0,0,0,0,0,0,0
28,58,44,68,48,73,53,30,10,8,0,0,0,0,0,0,0,0,0,0,0,0,0,0,0,0,0,0,0,0,0,0,0,0,0,0,1,0,0,0,0,0,0,0,0,0,0
31,64,51,67,49,68,62,53,15,13,0,0,0,0,0,0,0,0,0,0,0,0,0,0,0,0,0,0,0,0,0,0,0,0,0,0,1,0,0,0,0,0,0,0,0,0,0
30,66,48,76,49,84,72,48,14,11,143,33,2,13,5,0,2,1,8,0,0,0,0,202,36,0,24,6,0,6,0,7,0,1,0,0,0,1,0,0,0,0,0,0,0,0,0
18,58,42,62,18,60,50,17,12,14,1,0,9,0,0,0,0,0,0,0,0,0,0,0,0,0,0,0,0,0,0,0,0,0,0,0,0,0,0,0,0,0,0,1,0,0,0
23,76,59,79,48,74,72,31,16,13,74,22,11,3,4,0,7,0,13,0,0,0,0,0,0,0,0,0,0,0,0,0,0,0,0,0,0,0,0,0,0,1,0,0,0,0,0
20,58,48,68,26,64,59,34,8,7,8,1,17,0,0,0,0,0,1,0,0,0,0,0,0,0,0,0,0,0,0,0,0,0,0,0,1,0,0,0,0,0,0,0,0,0,0
22,71,52,76,27,73,63,23,9,14,0,0,0,0,0,0,0,0,0,0,0,0,0,0,0,0,0,0,0,0,0,0,0,0,0,0,0,0,0,0,0,0,0,0,1,0,0
31,75,76,74,59,73,74,65,13,24,77,35,1,0,5,0,9,0,6,0,0,0,0,81,31,2,2,4,0,3,0,10,0,0,0,0,0,1,0,0,0,0,0,0,0,0,0
35,63,57,71,34,75,58,35,10,14,0,0,0,0,0,0,0,0,0,0,0,0,0,105,23,9,12,0,0,8,0,8,0,0,0,0,0,0,0,0,0,0,0,0,0,1,0
28,65,63,73,59,60,57,64,7,11,2,0,4,0,0,0,0,0,0,0,0,0,0,0,0,0,0,0,0,0,0,0,0,0,0,0,0,0,0,0,0,0,0,0,0,1,0
29,70,55,79,26,87,72,22,12,11,102,20,8,11,2,0,1,0,7,0,2,0,0,139,25,7,17,2,0,6,0,11,0,0,0,0,0,1,0,0,0,0,0,0,0,0,0
27,75,66,75,44,80,69,16,12,9,64,9,22,5,2,0,0,0,6,0,0,0,0,14,3,11,0,0,0,1,0,3,0,0,0,0,0,1,0,0,0,0,0,0,0,0,0
20,50,30,56,14,58,52,21,8,11,3,1,6,0,0,0,0,0,1,0,0,0,0,0,0,0,0,0,0,0,0,0,0,0,0,0,0,0,0,1,0,0,0,0,0,0,0
20,66,53,72,16,79,61,15,6,6,22,1,15,1,2,0,0,0,1,0,0,0,0,21,4,17,1,0,0,1,0,3,0,0,0,0,0,0,0,0,0,1,0,0,0,0,0
19,68,62,59,47,62,61,41,15,8,0,0,7,0,0,0,0,0,0,0,0,0,0,0,0,6,0,0,0,0,0,0,0,0,0,0,0,1,0,0,0,0,0,0,0,0,0
24,65,55,70,65,70,63,68,7,9,31,12,13,0,0,0,0,0,4,0,0,0,0,45,14,11,1,2,0,4,0,5,0,0,0,0,0,1,0,0,0,0,0,0,0,0,0
29,79,63,81,23,71,77,22,16,6,2,0,3,0,0,0,0,0,0,0,0,0,0,54,14,12,3,3,0,4,0,7,0,0,0,0,0,0,0,0,0,0,0,0,0,0,1
24,62,50,72,34,59,50,33,15,15,20,2,27,0,1,0,0,0,2,0,0,0,0,0,0,0,0,0,0,0,0,0,0,0,0,0,0,0,0,0,0,0,0,0,0,1,0
19,57,53,58,12,61,53,23,8,15,0,0,0,0,0,0,0,0,0,0,0,0,0,1,0,1,0,0,0,0,0,0,0,0,0,0,0,0,1,0,0,0,0,0,0,0,0
30,77,55,86,34,78,73,16,7,3,58,17,12,3,3,0,4,1,10,0,1,0,0,21,2,12,2,0,0,1,0,1,0,0,0,0,0,0,0,0,0,0,0,0,0,0,1
34,68,43,77,19,87,67,24,14,13,154,37,0,15,2,0,1,0,2,0,0,0,0,136,28,9,15,1,0,3,0,5,0,0,0,0,0,1,0,0,0,0,0,0,0,0,0
24,63,52,65,38,62,54,19,7,10,0,0,0,0,0,0,0,0,0,0,0,0,0,0,0,0,0,0,0,0,0,0,0,0,0,0,0,0,0,0,1,0,0,0,0,0,0
20,60,44,61,43,59,47,36,8,10,6,1,14,0,0,0,0,0,1,0,0,0,0,0,0,1,0,0,0,0,0,0,0,0,0,0,0,1,0,0,0,0,0,0,0,0,0
24,59,45,74,16,70,66,15,16,11,0,0,0,0,0,0,0,0,0,0,0,0,0,54,20,10,2,2,0,2,0,11,0,2,0,0,0,0,0,0,0,0,0,1,0,0,0
24,77,69,81,33,75,70,16,7,15,0,0,0,0,0,0,0,0,0,0,0,0,0,78,7,28,5,6,0,0,0,7,0,0,0,0,0,1,0,0,0,0,0,0,0,0,0
24,69,54,73,49,76,62,28,13,8,79,27,2,5,3,0,8,1,11,0,0,0,0,65,14,10,5,2,0,2,0,5,0,0,0,0,0,0,0,0,0,1,0,0,0,0,0
29,71,60,70,49,69,72,21,6,10,0,0,0,0,0,0,0,0,0,0,0,0,0,0,0,0,0,0,0,0,0,0,0,0,0,0,0,0,0,0,0,0,0,0,0,0,1
26,61,60,68,43,67,59,30,11,15,0,0,0,0,0,0,0,0,0,0,0,0,0,0,0,0,0,0,0,0,0,0,0,0,0,0,1,0,0,0,0,0,0,0,0,0,0
25,74,68,77,45,75,75,38,15,14,0,0,0,0,0,0,0,0,0,0,0,0,0,51,11,19,3,2,0,0,0,10,0,0,0,0,0,0,0,0,0,0,0,0,1,0,0
22,61,40,68,18,73,52,12,13,6,41,1,17,6,0,0,0,0,1,0,0,0,0,0,0,0,0,0,0,0,0,0,0,0,0,0,0,0,0,0,0,1,0,0,0,0,0
19,61,57,64,36,64,62,23,10,15,0,0,2,0,0,0,0,0,0,0,0,0,0,0,0,0,0,0,0,0,0,0,0,0,0,0,0,0,0,0,0,1,0,0,0,0,0
25,67,55,71,57,70,66,54,12,13,0,0,0,0,0,0,0,0,0,0,0,0,0,0,0,0,0,0,0,0,0,0,0,0,0,0,0,0,0,0,1,0,0,0,0,0,0
25,70,53,83,34,79,60,20,13,11,51,14,13,4,1,0,9,0,13,0,0,0,0,80,12,25,7,0,0,2,0,10,0,0,0,0,0,0,0,0,0,0,0,0,1,0,0
28,66,57,69,24,62,54,20,7,6,0,0,0,0,0,0,0,0,0,0,0,0,0,44,12,22,3,0,0,6,0,8,0,0,0,0,0,0,0,1,0,0,0,0,0,0,0
21,65,41,69,16,68,52,15,11,13,29,2,22,3,0,0,0,0,2,0,0,0,0,8,1,4,1,0,0,2,0,1,0,0,0,0,0,0,0,0,0,0,0,0,1,0,0
23,66,58,75,37,78,67,29,12,6,25,4,18,1,0,0,0,0,4,0,0,0,0,0,0,0,0,0,0,0,0,0,0,0,0,0,0,0,0,0,0,0,0,0,1,0,0
18,53,41,63,16,60,53,20,12,9,12,0,26,0,1,0,0,0,1,0,0,0,0,11,3,5,0,1,0,0,0,2,0,0,0,0,1,0,0,0,0,0,0,0,0,0,0
31,71,67,70,68,68,52,70,10,14,0,0,0,0,0,0,0,0,0,0,0,0,0,0,0,0,0,0,0,0,0,0,0,0,0,0,0,0,1,0,0,0,0,0,0,0,0
28,63,46,78,28,81,65,24,8,6,0,0,0,0,0,0,0,0,0,0,0,0,0,79,17,13,7,2,0,6,0,5,0,0,0,0,0,0,0,0,0,1,0,0,0,0,0
23,69,59,73,74,69,68,71,10,12,0,0,0,0,0,0,0,0,0,0,0,0,0,23,9,3,0,2,0,2,0,0,0,0,0,0,0,0,1,0,0,0,0,0,0,0,0
25,74,60,78,35,72,70,23,8,8,36,9,5,1,3,0,1,0,3,0,0,0,0,83,27,7,7,0,0,6,1,7,0,0,0,0,0,1,0,0,0,0,0,0,0,0,0
27,54,40,70,42,80,67,39,8,10,8,2,12,0,0,0,0,0,1,0,0,0,0,0,0,0,0,0,0,0,0,0,0,0,0,0,1,0,0,0,0,0,0,0,0,0,0
20,55,35,64,28,59,51,29,5,9,5,0,8,0,0,0,0,0,0,0,0,0,0,0,0,0,0,0,0,0,0,0,0,0,0,0,0,0,1,0,0,0,0,0,0,0,0
35,61,44,72,41,82,69,30,14,14,0,0,0,0,0,0,0,0,0,0,0,0,0,37,10,19,1,1,0,4,0,10,0,0,0,0,0,0,0,0,0,0,0,0,1,0,0
22,56,37,64,13,57,50,17,13,14,0,0,2,0,0,0,0,0,0,0,0,0,0,0,0,0,0,0,0,0,0,0,0,0,0,0,0,0,0,1,0,0,0,0,0,0,0
30,75,51,84,40,88,78,24,5,11,174,37,0,14,12,0,3,1,7,0,0,0,0,125,35,3,7,7,0,4,0,19,0,0,0,0,0,0,0,0,0,0,1,0,0,0,0
27,70,49,76,19,78,68,17,11,7,50,9,12,5,1,0,7,0,4,0,0,0,0,55,10,24,4,1,0,0,0,4,0,0,0,0,0,1,0,0,0,0,0,0,0,0,0
18,54,49,62,14,47,52,17,8,7,0,0,4,0,0,0,0,0,0,0,0,0,0,0,0,0,0,0,0,0,0,0,0,0,0,0,1,0,0,0,0,0,0,0,0,0,0
22,61,54,70,29,67,57,25,12,15,0,0,0,0,0,0,0,0,0,0,0,0,0,0,0,0,0,0,0,0,0,0,0,0,0,0,1,0,0,0,0,0,0,0,0,0,0
25,68,48,74,33,77,56,22,9,7,150,31,5,16,2,0,1,0,13,0,1,0,0,90,24,7,6,2,0,1,0,18,0,0,0,0,0,1,0,0,0,0,0,0,0,0,0
19,67,48,72,24,63,60,18,7,14,3,0,7,0,0,0,1,0,0,0,0,0,0,0,0,0,0,0,0,0,0,0,0,0,0,0,0,0,0,0,0,1,0,0,0,0,0
24,72,63,71,35,75,57,27,9,13,14,2,14,0,0,0,0,0,1,0,0,0,0,36,9,16,2,0,0,2,0,5,0,0,0,0,0,0,0,0,0,1,0,0,0,0,0
21,62,41,72,20,72,42,12,7,14,0,0,0,0,0,0,0,0,0,0,0,0,0,15,3,10,1,0,0,0,0,2,0,0,0,0,0,0,0,0,0,0,0,0,0,1,0
24,74,53,81,23,83,72,25,6,9,102,19,17,11,0,0,7,0,10,0,0,0,0,12,0,28,0,0,0,0,0,0,0,0,0,0,0,0,0,0,0,0,0,0,1,0,0
25,62,48,68,22,61,62,16,11,12,0,0,0,0,0,0,0,0,0,0,0,0,0,0,0,2,0,0,0,0,0,0,0,0,0,0,0,0,0,0,1,0,0,0,0,0,0
28,67,49,69,21,74,50,22,12,7,35,2,16,3,1,0,3,0,0,0,0,0,0,8,0,7,0,1,0,1,0,0,0,0,0,0,0,0,0,0,0,1,0,0,0,0,0
19,51,41,60,17,59,54,16,5,10,5,0,8,0,0,0,0,0,0,0,0,0,0,0,0,0,0,0,0,0,0,0,0,0,0,0,0,1,0,0,0,0,0,0,0,0,0
28,56,32,68,14,69,54,13,15,6,117,31,4,9,3,0,3,0,8,0,0,0,0,0,0,0,0,0,0,0,0,0,0,0,0,0,0,0,1,0,0,0,0,0,0,0,0
28,72,44,76,25,72,51,23,12,14,0,0,0,0,0,0,0,0,0,0,0,0,0,0,0,0,0,0,0,0,0,0,0,0,0,0,0,0,0,0,0,0,0,0,0,0,1
27,63,62,73,40,68,66,17,10,9,0,0,0,0,0,0,0,0,0,0,0,0,0,0,0,0,0,0,0,0,0,0,0,0,0,0,1,0,0,0,0,0,0,0,0,0,0
29,66,51,66,39,67,57,30,10,9,0,0,2,0,0,0,0,0,0,0,0,0,0,0,0,0,0,0,0,0,0,0,0,0,0,0,0,0,0,0,0,1,0,0,0,0,0
21,60,48,68,13,59,48,15,9,8,0,0,0,0,0,0,0,0,0,0,0,0,0,0,0,0,0,0,0,0,0,0,0,0,0,0,0,0,1,0,0,0,0,0,0,0,0
29,86,55,86,22,87,85,13,11,7,114,23,9,10,4,0,0,0,17,0,0,0,0,194,26,1,24,7,0,0,0,16,0,0,0,0,0,0,0,0,0,0,0,0,1,0,0
25,68,67,73,47,71,70,42,11,16,27,10,8,1,0,0,4,0,4,0,0,0,0,19,3,6,1,1,0,1,0,0,0,0,0,0,0,0,0,0,0,1,0,0,0,0,0
19,51,40,59,44,67,56,44,14,5,0,0,0,0,0,0,0,0,0,0,0,0,0,0,0,2,0,0,0,0,0,0,0,0,0,0,1,0,0,0,0,0,0,0,0,0,0
20,66,58,75,17,79,65,15,7,15,54,5,23,4,3,0,0,0,4,0,0,0,0,75,7,28,8,1,0,1,0,5,0,0,0,0,0,1,0,0,0,0,0,0,0,0,0
23,71,53,75,22,72,63,15,12,15,0,0,0,0,0,0,0,0,0,0,0,0,0,62,19,11,3,2,0,1,0,4,0,0,0,0,0,0,0,0,0,1,0,0,0,0,0
23,65,59,66,32,71,65,15,14,12,80,17,13,7,1,0,3,0,9,0,0,0,0,0,0,0,0,0,0,0,0,0,0,0,0,0,0,0,0,0,0,1,0,0,0,0,0
26,66,41,68,24,67,65,31,7,8,9,1,11,0,0,0,0,0,1,0,0,0,0,2,0,3,0,0,0,0,0,0,0,0,0,0,0,0,1,0,0,0,0,0,0,0,0
29,68,66,72,50,68,68,50,16,13,41,10,22,0,2,0,1,0,7,0,0,0,0,47,10,14,3,1,0,0,0,7,0,0,0,0,0,0,1,0,0,0,0,0,0,0,0
30,79,72,80,38,86,76,23,10,6,127,21,12,12,5,0,0,0,18,0,0,0,0,138,22,9,16,3,0,2,0,9,0,1,0,0,0,0,0,0,0,0,0,0,1,0,0
24,59,33,71,17,76,45,11,14,15,0,0,0,0,0,0,0,0,0,0,0,0,0,73,8,30,5,2,0,1,0,4,0,0,0,0,0,0,0,0,0,0,1,0,0,0,0
24,58,33,64,18,63,53,21,7,8,0,0,0,0,0,0,0,0,0,0,0,0,0,48,8,27,3,1,0,1,0,5,0,0,0,0,0,0,0,1,0,0,0,0,0,0,0
29,80,77,85,35,80,67,40,10,15,94,23,13,4,6,0,2,0,18,0,0,0,0,55,10,23,4,2,0,1,1,4,0,0,0,0,0,1,0,0,0,0,0,0,0,0,0
28,73,63,71,53,70,70,54,6,16,93,27,8,4,4,0,0,0,11,0,0,0,0,71,25,7,2,2,0,1,0,11,0,0,0,0,0,0,1,0,0,0,0,0,0,0,0
24,81,67,81,44,80,81,17,7,12,68,16,7,6,2,0,3,1,4,0,0,0,0,113,30,2,8,7,0,8,0,8,0,1,0,0,0,0,0,0,0,1,0,0,0,0,0
30,59,56,74,27,74,57,32,12,7,0,0,0,0,0,0,0,0,0,0,0,0,0,83,22,15,6,1,0,3,0,9,0,0,0,0,0,0,0,0,0,0,0,0,0,0,1
24,64,46,76,20,77,48,20,6,14,88,13,23,10,1,0,0,0,4,0,0,0,0,52,11,19,5,0,0,2,0,8,0,0,0,0,0,0,0,0,0,0,1,0,0,0,0
26,40,35,42,61,33,37,65,10,15,77,18,9,8,1,0,8,0,13,0,0,0,0,0,0,0,0,0,0,0,0,0,0,0,0,0,0,0,0,0,0,0,0,0,0,1,0
20,62,59,62,33,62,59,20,12,8,1,0,3,0,0,0,0,0,0,0,0,0,0,0,0,0,0,0,0,0,0,0,0,0,0,0,0,0,0,0,0,0,0,0,0,1,0
31,71,55,73,43,71,56,40,9,2,0,0,0,0,0,0,0,0,0,0,0,0,0,6,1,8,0,0,0,0,0,1,0,0,0,0,0,0,0,0,0,0,0,0,1,0,0
29,66,59,78,10,83,66,10,7,16,0,0,0,0,0,0,0,0,0,0,0,0,0,0,0,0,0,0,0,0,0,0,0,0,0,0,0,0,1,0,0,0,0,0,0,0,0
27,61,34,67,41,80,70,18,10,14,19,5,7,2,0,0,2,0,4,0,1,0,0,42,11,11,3,1,0,4,0,8,0,1,0,0,0,0,1,0,0,0,0,0,0,0,0
28,83,69,83,70,86,83,63,10,12,113,29,1,11,3,0,8,0,9,0,1,0,0,111,29,2,7,8,0,5,0,5,0,1,0,0,0,0,0,0,0,1,0,0,0,0,0
21,75,69,74,68,58,69,59,12,6,57,25,10,0,2,0,4,0,6,0,0,0,0,26,7,24,1,0,0,1,0,3,0,0,0,0,0,0,1,0,0,0,0,0,0,0,0
18,49,40,70,11,64,60,21,6,15,0,0,1,0,0,0,0,0,0,0,0,0,0,0,0,0,0,0,0,0,0,0,0,0,0,0,0,0,0,0,0,0,1,0,0,0,0
20,53,34,59,23,60,44,18,11,5,0,0,0,0,0,0,0,0,0,0,0,0,0,4,0,13,0,0,0,0,0,0,0,0,0,0,0,0,0,0,1,0,0,0,0,0,0
21,62,38,62,21,55,41,18,14,10,0,0,1,0,0,0,0,0,0,0,0,0,0,0,0,0,0,0,0,0,0,0,0,0,0,0,0,0,0,1,0,0,0,0,0,0,0
28,70,64,70,46,69,76,29,12,11,0,0,0,0,0,0,0,0,0,0,0,0,0,8,3,7,0,0,0,1,0,2,0,0,0,0,1,0,0,0,0,0,0,0,0,0,0
24,77,55,81,28,83,69,17,14,9,81,16,5,6,5,0,1,0,9,0,0,0,0,55,12,15,3,1,0,1,0,7,0,0,0,0,0,0,0,0,0,0,0,0,1,0,0
19,62,52,63,27,60,55,28,11,6,0,0,0,0,0,0,0,0,0,0,0,0,0,0,0,1,0,0,0,0,0,0,0,0,0,0,0,0,0,0,0,0,0,1,0,0,0
28,64,36,74,24,80,52,20,6,9,37,9,20,3,0,0,2,0,4,0,0,0,0,117,22,3,14,2,0,3,1,5,0,0,0,0,0,0,0,0,0,0,1,0,0,0,0
30,69,63,72,33,76,61,27,8,11,24,3,21,1,0,0,0,0,1,0,0,0,0,72,7,29,6,2,0,0,0,5,0,0,0,0,0,1,0,0,0,0,0,0,0,0,0
27,64,50,76,25,74,60,14,8,12,51,11,14,6,0,0,3,0,6,0,1,0,0,10,2,15,0,0,0,2,1,0,0,0,0,0,0,0,0,0,0,0,0,1,0,0,0
29,63,43,67,22,66,51,18,15,11,6,0,3,0,1,0,0,0,0,0,0,0,0,31,7,19,1,0,0,2,0,5,0,0,0,0,1,0,0,0,0,0,0,0,0,0,0
28,60,37,68,29,77,53,25,10,9,0,0,0,0,0,0,0,0,0,0,0,0,0,7,3,3,0,0,0,0,0,1,0,0,0,0,0,0,0,0,0,0,0,1,0,0,0
28,63,60,66,55,70,60,29,6,6,0,0,0,0,0,0,0,0,0,0,0,0,0,0,0,0,0,0,0,0,0,0,0,0,0,0,0,0,0,0,0,0,0,0,0,1,0
30,88,87,95,22,93,90,13,11,8,270,32,2,37,9,0,6,0,4,0,1,0,0,233,31,2,26,16,0,3,0,2,0,3,0,0,0,0,0,0,0,0,0,0,1,0,0
30,68,60,72,48,81,71,23,10,12,6,1,6,0,0,0,0,0,1,0,0,0,0,21,3,22,1,0,0,0,0,3,0,0,0,0,0,0,0,0,0,0,0,0,1,0,0
24,69,42,76,21,75,68,18,6,16,132,31,4,10,7,0,2,1,10,0,0,0,0,0,0,0,0,0,0,0,0,0,0,0,0,0,0,0,1,0,0,0,0,0,0,0,0
26,83,73,90,26,83,87,16,4,10,183,33,3,18,9,0,2,0,16,0,0,0,0,153,31,4,12,10,0,2,0,26,0,0,0,0,0,0,0,0,0,0,1,0,0,0,0
22,64,45,65,26,68,62,19,6,15,0,0,0,0,0,0,0,0,0,0,0,0,0,0,0,0,0,0,0,0,0,0,0,0,0,0,0,0,0,0,0,0,0,1,0,0,0
24,68,65,69,25,63,68,14,7,7,0,0,0,0,0,0,0,0,0,0,0,0,0,59,21,13,2,2,0,5,0,10,0,0,0,0,0,0,0,0,0,0,0,1,0,0,0
20,52,43,58,19,61,52,22,13,9,0,0,0,0,0,0,0,0,0,0,0,0,0,0,0,3,0,0,0,0,0,0,0,0,0,0,0,0,0,0,0,0,1,0,0,0,0
24,77,74,82,50,78,73,39,10,14,0,0,0,0,0,0,0,0,0,0,0,0,0,175,35,1,17,7,0,2,0,5,0,0,0,0,0,0,1,0,0,0,0,0,0,0,0
21,74,52,81,30,68,71,22,7,7,50,14,24,1,2,0,5,0,8,0,0,0,0,0,0,0,0,0,0,0,0,0,0,0,0,0,0,0,0,0,0,0,1,0,0,0,0
23,74,67,77,32,70,73,25,7,14,0,0,0,0,0,0,0,0,0,0,0,0,0,0,0,0,0,0,0,0,0,0,0,0,0,0,1,0,0,0,0,0,0,0,0,0,0
26,71,42,76,20,73,72,19,8,6,25,3,12,0,3,0,0,0,2,0,0,0,0,0,0,0,0,0,0,0,0,0,0,0,0,0,0,1,0,0,0,0,0,0,0,0,0
23,79,59,85,35,83,73,23,14,12,68,14,16,6,2,0,3,0,6,0,0,0,0,42,12,21,1,3,0,3,0,11,0,0,0,0,0,0,0,0,0,0,0,0,1,0,0
31,73,65,69,73,34,59,75,13,16,75,33,0,0,5,0,3,1,2,0,0,0,0,49,18,8,0,3,0,0,0,7,0,0,0,0,0,0,1,0,0,0,0,0,0,0,0
23,56,46,60,21,70,45,29,13,8,0,0,0,0,0,0,0,0,0,0,0,0,0,0,0,1,0,0,0,0,0,0,0,0,0,0,0,0,0,0,0,0,0,0,1,0,0
26,74,55,85,16,78,73,18,10,6,119,25,7,11,5,0,4,1,16,0,0,0,0,93,19,19,6,5,0,3,0,14,0,0,0,0,0,0,0,0,0,0,0,0,1,0,0
30,83,64,91,41,92,84,30,25,37,241,34,3,28,13,0,8,0,9,0,0,0,0,308,35,2,40,16,0,6,0,0,0,2,0,0,0,0,0,0,0,0,0,0,1,0,0
26,69,58,71,25,74,64,27,7,6,52,8,26,3,1,0,2,0,4,0,0,0,0,74,19,12,6,0,0,3,0,15,0,0,0,0,0,0,0,0,1,0,0,0,0,0,0
18,64,64,63,53,42,61,45,10,5,0,0,1,0,0,0,0,0,0,0,0,0,0,0,0,1,0,0,0,0,0,0,0,0,0,0,0,1,0,0,0,0,0,0,0,0,0
22,72,57,82,30,82,75,16,6,4,92,28,6,5,4,0,3,0,16,0,2,0,0,67,15,2,5,4,0,1,0,14,0,0,0,0,0,0,0,0,0,0,1,0,0,0,0
27,27,22,19,19,11,26,12,71,78,0,0,0,0,0,0,0,0,0,0,0,0,0,0,0,0,0,0,0,0,0,0,0,0,0,0,0,0,1,0,0,0,0,0,0,0,0
21,59,53,67,43,60,62,37,10,8,1,0,6,0,0,0,0,0,0,0,0,0,0,0,0,0,0,0,0,0,0,0,0,0,0,0,0,0,0,0,0,0,1,0,0,0,0
29,67,55,70,64,78,66,64,1,1,50,15,17,1,2,0,3,0,9,0,0,0,0,63,12,22,5,1,0,3,0,5,0,0,0,0,0,1,0,0,0,0,0,0,0,0,0
24,66,56,75,16,68,68,11,9,14,31,9,9,1,1,0,1,0,4,0,0,0,0,0,0,0,0,0,0,0,0,0,0,0,0,0,0,0,0,0,0,0,1,0,0,0,0
28,56,51,64,11,69,49,13,13,15,0,0,0,0,0,0,0,0,0,0,0,0,0,15,4,14,0,0,0,2,0,3,0,0,0,0,0,0,0,1,0,0,0,0,0,0,0
25,72,64,82,18,78,72,18,11,5,70,17,13,7,0,0,1,1,13,0,1,0,0,60,4,30,5,3,0,1,0,3,0,0,0,0,0,1,0,0,0,0,0,0,0,0,0
30,65,50,76,33,77,56,15,9,9,0,0,1,0,0,0,0,0,0,0,0,0,0,0,0,0,0,0,0,0,0,0,0,0,0,0,0,0,0,0,0,0,0,0,0,1,0
33,70,67,74,28,71,66,35,16,13,0,0,0,0,0,0,0,0,0,0,0,0,0,0,0,0,0,0,0,0,0,0,0,0,0,0,0,0,0,0,0,0,0,0,0,1,0
25,86,82,84,69,77,83,53,14,8,96,35,3,5,1,0,4,0,12,0,0,0,0,63,24,14,2,1,0,5,0,10,0,0,0,0,0,0,0,0,0,0,0,0,1,0,0
18,58,35,56,14,60,46,15,12,8,0,0,6,0,0,0,0,0,0,0,0,0,0,0,0,0,0,0,0,0,0,0,0,0,0,0,0,0,0,0,0,0,1,0,0,0,0
26,72,58,78,32,78,64,22,5,8,71,25,10,3,1,0,2,0,7,0,1,0,0,105,33,5,6,2,0,2,0,6,0,0,0,0,0,0,0,0,0,0,1,0,0,0,0
21,58,50,66,24,67,58,14,13,8,0,0,1,0,0,0,0,0,0,0,0,0,0,0,0,0,0,0,0,0,0,0,0,0,0,0,0,0,0,0,0,0,0,0,0,1,0
29,73,59,76,14,83,74,18,3,3,107,29,8,8,3,0,5,0,23,0,0,0,0,0,0,0,0,0,0,0,0,0,0,0,0,0,0,0,0,0,0,0,1,0,0,0,0
18,52,32,60,29,64,45,23,14,11,0,0,3,0,0,0,0,0,0,0,0,0,0,1,0,3,0,0,0,0,0,0,0,0,0,0,0,0,0,0,0,0,1,0,0,0,0
19,74,65,80,42,81,73,29,6,14,73,16,21,5,1,0,3,0,8,0,0,0,0,53,11,2,5,2,0,0,0,7,0,0,0,0,0,1,0,0,0,0,0,0,0,0,0
26,75,55,85,30,77,70,16,2,2,106,20,3,15,1,0,7,2,8,0,1,0,0,28,8,15,1,1,0,6,0,3,0,1,0,0,0,0,1,0,0,0,0,0,0,0,0
31,69,50,75,20,84,62,20,8,14,144,32,1,16,1,0,4,0,5,0,0,0,0,0,0,0,0,0,0,0,0,0,0,0,0,0,0,0,0,0,0,1,0,0,0,0,0
21,61,41,64,16,60,57,11,15,13,15,5,5,0,1,0,0,0,0,0,0,0,0,0,0,0,0,0,0,0,0,0,0,0,0,0,0,0,0,0,0,0,0,0,1,0,0
31,75,65,77,66,89,74,56,8,15,106,29,6,7,4,0,5,0,8,0,0,0,0,105,24,3,10,3,0,5,0,11,0,0,0,0,0,0,0,0,0,0,1,0,0,0,0
22,60,47,67,42,64,49,20,15,8,4,2,7,0,0,0,1,0,2,0,0,0,0,3,2,1,0,0,0,1,0,2,0,0,0,0,0,0,0,0,0,1,0,0,0,0,0
22,69,54,68,32,74,59,19,13,7,68,16,11,4,4,0,1,0,12,0,0,0,0,0,0,0,0,0,0,0,0,0,0,0,0,0,0,0,0,0,0,0,1,0,0,0,0
25,72,68,77,39,80,70,26,11,11,73,12,11,7,3,0,4,0,8,0,0,0,0,82,16,14,8,1,0,2,0,6,0,0,0,0,0,0,0,0,0,1,0,0,0,0,0
22,77,67,87,30,60,68,16,5,12,16,4,16,0,0,0,1,0,2,0,0,0,0,0,0,0,0,0,0,0,0,0,0,0,0,0,0,0,0,0,0,0,1,0,0,0,0
20,67,57,74,19,68,69,19,14,8,28,9,17,0,0,0,0,0,8,0,0,0,0,0,0,0,0,0,0,0,0,0,0,0,0,0,0,0,0,0,0,0,0,0,1,0,0
26,77,65,77,31,81,73,32,13,8,122,34,1,11,3,0,7,0,5,0,2,0,0,123,33,3,11,0,0,1,0,9,0,0,0,0,1,0,0,0,0,0,0,0,0,0,0
20,63,52,66,24,66,62,28,5,8,16,1,15,1,0,0,0,0,1,0,0,0,0,0,0,0,0,0,0,0,0,0,0,0,0,0,0,0,1,0,0,0,0,0,0,0,0
23,59,42,65,29,67,49,18,12,16,0,0,0,0,0,0,0,0,0,0,0,0,0,0,0,0,0,0,0,0,0,0,0,0,0,0,0,0,0,0,1,0,0,0,0,0,0
29,68,61,73,32,68,69,33,12,10,0,0,0,0,0,0,0,0,0,0,0,0,0,3,1,10,0,0,0,0,0,1,0,0,0,0,0,0,0,0,0,0,0,0,0,0,1
26,64,54,69,25,66,59,27,15,7,0,0,0,0,0,0,0,0,0,0,0,0,0,0,0,0,0,0,0,0,0,0,0,0,0,0,1,0,0,0,0,0,0,0,0,0,0
28,65,39,70,26,73,37,17,10,16,0,0,0,0,0,0,0,0,0,0,0,0,0,0,0,0,0,0,0,0,0,0,0,0,0,0,0,0,0,0,0,0,1,0,0,0,0
25,66,56,72,31,76,62,16,11,15,1,0,2,0,0,0,0,0,0,0,0,0,0,0,0,3,0,0,0,0,0,0,0,0,0,0,1,0,0,0,0,0,0,0,0,0,0
26,67,53,71,30,68,63,15,10,10,55,25,5,0,2,0,3,1,9,0,0,0,0,65,28,5,3,0,0,8,0,10,0,1,0,0,0,0,0,0,0,1,0,0,0,0,0
32,65,41,75,38,79,61,18,11,14,0,0,0,0,0,0,0,0,0,0,0,0,0,0,0,0,0,0,0,0,0,0,0,0,0,0,0,0,0,1,0,0,0,0,0,0,0
26,59,34,65,36,65,56,17,11,6,0,0,0,0,0,0,0,0,0,0,0,0,0,0,0,0,0,0,0,0,0,0,0,0,0,0,0,0,0,0,1,0,0,0,0,0,0
30,55,35,72,15,73,49,11,14,10,0,0,0,0,0,0,0,0,0,0,0,0,0,0,0,0,0,0,0,0,0,0,0,0,0,0,0,0,0,0,0,0,0,1,0,0,0
23,75,62,80,25,75,68,12,12,11,90,25,7,4,6,0,5,0,10,0,0,0,0,65,10,27,5,2,0,3,0,11,0,0,0,0,0,0,0,0,0,0,1,0,0,0,0
26,68,42,76,20,84,58,12,14,11,107,28,5,11,0,0,4,0,6,0,1,0,0,90,25,3,8,3,0,9,0,6,0,1,0,0,0,0,0,0,0,0,1,0,0,0,0
24,73,54,77,22,89,64,17,9,9,207,34,0,24,8,0,1,0,2,0,2,0,0,154,32,3,16,4,0,1,0,14,0,1,0,0,0,0,0,0,0,0,1,0,0,0,0
30,72,60,87,38,77,63,22,16,12,26,4,17,2,1,0,1,0,3,0,0,0,0,72,15,17,6,1,0,3,1,9,0,0,0,0,0,1,0,0,0,0,0,0,0,0,0
29,83,80,86,41,85,84,32,7,18,141,23,0,15,7,0,1,0,4,0,0,0,0,105,28,4,6,6,0,3,0,12,0,0,0,0,0,0,0,0,0,1,0,0,0,0,0
23,77,62,80,39,78,75,23,12,9,92,23,2,9,2,0,5,0,9,0,1,0,0,0,0,0,0,0,0,0,0,0,0,0,0,0,0,0,0,0,0,1,0,0,0,0,0
19,54,24,61,11,65,41,24,6,8,1,0,2,0,0,0,0,0,0,0,0,0,0,0,0,0,0,0,0,0,0,0,0,0,0,0,0,1,0,0,0,0,0,0,0,0,0
23,73,68,76,33,74,69,35,6,6,68,14,17,5,1,0,4,0,12,0,0,0,0,65,15,11,5,2,0,6,0,7,0,0,0,0,0,0,0,0,0,1,0,0,0,0,0
29,59,57,69,54,65,62,39,8,10,0,0,0,0,0,0,0,0,0,0,0,0,0,0,0,0,0,0,0,0,0,0,0,0,0,0,0,0,0,0,0,0,0,0,0,0,1
24,65,57,71,37,73,68,23,10,10,32,8,21,3,0,0,3,0,5,0,1,0,0,0,0,0,0,0,0,0,0,0,0,0,0,0,0,0,0,0,0,0,0,0,0,1,0
23,64,36,77,23,83,63,16,10,15,49,1,36,5,1,0,0,0,1,0,0,0,0,174,32,4,17,9,0,6,0,5,0,0,0,0,0,1,0,0,0,0,0,0,0,0,0
32,68,50,76,30,78,64,26,10,9,0,0,0,0,0,0,0,0,0,0,0,0,0,0,0,0,0,0,0,0,0,0,0,0,0,0,0,0,0,0,0,0,1,0,0,0,0
24,66,60,73,50,67,64,30,12,7,35,12,7,0,2,0,1,0,9,0,0,0,0,39,6,22,1,2,0,0,0,4,0,0,0,0,1,0,0,0,0,0,0,0,0,0,0
20,57,58,50,61,53,48,57,11,7,0,0,0,0,0,0,0,0,0,0,0,0,0,0,0,0,0,0,0,0,0,0,0,0,0,0,0,0,0,1,0,0,0,0,0,0,0
21,66,60,68,25,54,50,34,12,14,0,0,0,0,0,0,0,0,0,0,0,0,0,19,7,7,0,1,0,2,0,4,0,0,0,0,0,0,0,0,0,0,1,0,0,0,0
24,67,53,70,24,63,61,23,12,16,0,0,0,0,0,0,0,0,0,0,0,0,0,0,0,0,0,0,0,0,0,0,0,0,0,0,0,0,0,0,0,1,0,0,0,0,0
20,52,35,63,12,54,46,15,12,10,17,7,5,0,1,0,2,0,1,0,0,0,0,0,0,0,0,0,0,0,0,0,0,0,0,0,0,0,0,1,0,0,0,0,0,0,0
25,79,65,87,55,83,78,37,14,14,166,29,3,15,11,0,2,0,14,0,0,0,0,152,32,2,14,6,0,2,0,18,0,0,0,0,0,1,0,0,0,0,0,0,0,0,0
23,67,49,67,22,65,59,17,6,8,0,0,0,0,0,0,0,0,0,0,0,0,0,42,9,10,2,2,0,2,0,8,0,0,0,0,0,0,0,1,0,0,0,0,0,0,0
17,52,34,65,21,61,51,14,8,9,8,0,13,1,0,0,0,0,0,0,0,0,0,0,0,0,0,0,0,0,0,0,0,0,0,0,0,0,0,0,0,0,1,0,0,0,0
31,69,49,71,27,73,60,18,14,15,29,12,2,1,0,0,0,0,9,0,1,0,0,114,24,7,12,1,0,3,0,20,0,0,0,0,0,0,0,0,1,0,0,0,0,0,0
25,59,53,73,12,60,67,20,6,6,14,4,8,0,1,0,0,0,4,0,0,0,0,5,0,10,0,0,0,1,0,0,0,0,0,0,0,0,0,0,0,0,0,0,0,0,1
29,86,80,86,80,71,79,70,14,28,57,24,7,1,1,0,5,0,16,0,0,0,0,71,27,2,3,1,0,3,0,10,0,0,0,0,0,1,0,0,0,0,0,0,0,0,0
31,75,66,69,73,50,54,67,12,16,68,22,8,5,1,0,8,0,9,0,0,0,0,53,21,11,1,3,0,12,0,10,0,0,0,0,0,0,1,0,0,0,0,0,0,0,0
31,65,61,68,21,66,59,18,12,10,0,0,0,0,0,0,0,0,0,0,0,0,0,66,15,16,4,2,0,3,0,9,0,0,0,0,0,0,0,0,0,0,0,0,0,0,1
18,61,42,70,13,65,58,18,10,8,0,0,1,0,0,0,0,0,0,0,0,0,0,0,0,0,0,0,0,0,0,0,0,0,0,0,0,0,1,0,0,0,0,0,0,0,0
30,73,60,74,37,72,74,23,10,13,74,18,9,4,4,0,2,0,8,0,0,0,0,65,17,15,2,4,0,4,0,11,0,0,0,0,0,0,0,0,0,0,0,0,1,0,0
27,68,50,72,42,71,60,28,16,6,0,0,0,0,0,0,0,0,0,0,0,0,0,32,10,14,0,1,0,1,0,6,0,0,0,0,0,0,0,0,0,0,0,0,0,0,1
22,66,46,74,21,79,61,21,11,18,12,1,13,1,0,0,0,0,1,0,0,0,0,0,0,0,0,0,0,0,0,0,0,0,0,0,0,0,0,0,0,0,0,0,1,0,0
20,64,57,70,26,75,62,29,12,14,0,0,0,0,0,0,0,0,0,0,0,0,0,28,5,17,1,2,0,3,0,4,0,0,0,0,1,0,0,0,0,0,0,0,0,0,0
30,67,58,67,49,61,62,45,11,10,0,0,0,0,0,0,0,0,0,0,0,0,0,0,0,0,0,0,0,0,0,0,0,0,0,0,0,0,0,0,1,0,0,0,0,0,0
25,68,55,75,36,74,65,33,7,10,0,0,0,0,0,0,0,0,0,0,0,0,0,0,0,0,0,0,0,0,0,0,0,0,0,0,1,0,0,0,0,0,0,0,0,0,0
25,81,75,95,36,90,80,21,9,11,144,30,1,13,10,0,8,1,2,0,0,0,0,217,34,0,24,13,0,6,0,1,0,2,0,0,0,0,1,0,0,0,0,0,0,0,0
24,64,48,70,24,73,60,16,9,9,0,0,0,0,0,0,0,0,0,0,0,0,0,0,0,0,0,0,0,0,0,0,0,0,0,0,0,0,0,0,0,1,0,0,0,0,0
25,75,65,80,38,78,79,15,7,14,100,25,8,8,3,0,6,0,19,0,0,0,0,101,28,9,7,4,0,9,0,10,0,1,0,0,0,0,0,0,0,0,0,0,1,0,0
26,75,69,78,45,78,75,25,10,9,121,23,8,14,0,0,2,0,12,0,0,0,0,128,34,2,7,9,0,4,0,13,0,0,0,0,0,0,1,0,0,0,0,0,0,0,0
30,68,60,55,76,35,37,78,8,8,23,9,19,1,0,0,1,0,3,0,0,0,0,39,20,6,0,0,0,2,0,2,0,0,0,0,0,0,0,0,0,1,0,0,0,0,0
29,72,48,79,42,90,66,22,11,7,132,26,7,15,3,0,5,1,4,0,1,0,0,124,25,12,12,3,0,4,0,3,0,1,0,0,0,0,0,0,0,0,1,0,0,0,0
28,63,49,69,32,83,58,30,7,7,102,7,27,10,4,0,0,0,4,0,0,0,0,0,0,0,0,0,0,0,0,0,0,0,0,0,0,0,0,0,0,1,0,0,0,0,0
29,69,60,73,26,71,64,20,13,12,54,12,11,4,1,0,2,0,3,0,0,0,0,97,21,11,9,2,0,4,0,9,0,0,0,0,0,0,1,0,0,0,0,0,0,0,0
30,76,67,80,58,82,79,30,15,8,48,9,17,4,2,0,3,1,7,0,0,0,0,126,27,2,12,7,0,9,0,5,0,1,0,0,0,0,0,0,0,0,0,0,1,0,0
21,42,31,61,18,67,61,18,7,5,20,6,25,0,0,0,2,0,5,0,0,0,0,4,0,13,0,0,0,0,0,0,0,0,0,0,0,0,0,0,0,0,0,1,0,0,0
30,78,67,79,54,73,78,47,14,13,62,25,4,0,4,0,4,0,14,0,0,0,0,32,17,12,0,1,0,8,1,10,0,1,0,0,0,0,0,0,0,0,0,0,1,0,0
31,59,40,65,39,70,57,22,5,10,1,0,2,0,0,0,0,0,0,0,0,0,0,0,0,0,0,0,0,0,0,0,0,0,0,0,0,0,0,0,0,0,0,1,0,0,0
30,76,69,76,42,75,77,36,8,6,86,19,17,7,2,0,9,0,12,0,0,0,0,27,9,16,0,2,0,1,0,7,0,0,0,0,0,0,1,0,0,0,0,0,0,0,0
21,52,37,60,21,61,48,12,11,13,5,0,11,0,0,0,0,0,0,0,0,0,0,0,0,0,0,0,0,0,0,0,0,0,0,0,0,1,0,0,0,0,0,0,0,0,0
30,77,56,82,41,83,75,26,15,5,107,11,21,12,3,0,2,0,7,0,0,0,0,157,26,12,16,6,0,2,0,8,0,0,0,1,0,1,0,0,0,0,0,0,0,0,0
20,73,69,70,68,57,69,58,9,9,2,0,4,0,0,0,0,0,0,0,0,0,0,3,1,3,0,0,0,0,0,0,0,0,0,0,0,0,0,1,0,0,0,0,0,0,0
22,70,62,73,31,73,59,24,8,15,73,27,7,2,2,0,4,0,18,0,0,0,0,0,0,0,0,0,0,0,0,0,0,0,0,0,0,0,1,0,0,0,0,0,0,0,0
29,78,72,80,62,70,79,59,14,11,77,27,2,2,5,0,4,0,16,0,0,0,0,80,23,12,4,4,0,6,1,14,0,0,0,0,0,0,0,0,0,0,0,0,0,1,0
27,64,35,70,35,75,63,20,6,8,46,12,5,4,1,0,3,1,3,0,0,0,0,7,2,9,0,0,0,0,0,2,0,0,0,0,0,1,0,0,0,0,0,0,0,0,0
23,71,67,76,33,76,62,36,6,10,36,14,3,1,1,0,3,0,6,0,0,0,0,28,7,3,2,1,0,2,0,7,0,0,0,0,0,0,0,0,0,0,0,0,1,0,0
29,74,62,73,28,73,70,23,15,7,0,0,0,0,0,0,0,0,0,0,0,0,0,0,0,0,0,0,0,0,0,0,0,0,0,0,0,0,0,1,0,0,0,0,0,0,0
28,78,70,80,51,80,77,36,8,10,132,30,0,10,10,0,8,0,18,0,0,0,0,29,10,19,0,0,0,3,0,9,0,0,0,0,0,0,0,0,0,0,0,0,1,0,0
23,72,51,79,26,87,63,26,14,5,66,7,30,6,3,0,1,0,3,0,0,0,0,138,25,10,13,6,0,2,0,7,0,1,0,0,0,0,0,0,0,0,0,0,1,0,0
25,64,64,70,24,62,67,25,7,10,0,0,0,0,0,0,0,0,0,0,0,0,0,0,0,0,0,0,0,0,0,0,0,0,0,0,0,0,0,1,0,0,0,0,0,0,0
20,53,45,63,22,53,54,49,13,14,0,0,0,0,0,0,0,0,0,0,0,0,0,0,0,5,0,0,0,0,0,0,0,0,0,0,0,0,0,0,0,0,0,1,0,0,0
25,60,29,66,22,73,43,22,7,6,21,3,24,1,0,0,0,0,2,0,0,0,0,0,0,0,0,0,0,0,0,0,0,0,0,0,0,0,0,1,0,0,0,0,0,0,0
23,64,58,73,54,71,56,26,7,16,20,2,22,1,0,0,1,0,0,0,0,0,0,15,2,21,0,0,0,0,0,2,0,0,0,0,1,0,0,0,0,0,0,0,0,0,0
19,63,31,69,13,72,49,16,7,5,0,0,9,0,0,0,1,0,0,0,0,0,0,0,0,0,0,0,0,0,0,0,0,0,0,0,0,0,0,0,0,0,1,0,0,0,0
23,67,49,70,42,61,54,40,10,7,0,0,0,0,0,0,0,0,0,0,0,0,0,0,0,1,0,0,0,0,0,0,0,0,0,0,0,0,0,0,1,0,0,0,0,0,0
20,65,43,58,17,54,53,16,11,6,0,0,0,0,0,0,0,0,0,0,0,0,0,0,0,2,0,0,0,0,0,0,0,0,0,0,0,0,0,0,1,0,0,0,0,0,0
21,74,59,80,22,78,73,17,15,14,108,14,24,11,3,0,2,0,5,0,0,0,0,0,0,0,0,0,0,0,0,0,0,0,0,0,0,0,0,0,0,0,1,0,0,0,0
24,75,67,83,28,75,71,22,9,6,74,19,9,2,7,0,1,0,13,0,0,0,0,43,11,3,2,3,0,1,0,8,0,0,0,0,0,0,0,0,0,1,0,0,0,0,0
23,83,71,93,24,84,84,14,4,8,131,26,6,11,7,0,2,0,17,0,0,0,0,183,29,7,19,9,0,2,0,20,0,0,0,0,0,0,0,0,0,0,1,0,0,0,0
26,59,57,57,34,65,60,17,9,13,0,0,0,0,0,0,0,0,0,0,0,0,0,0,0,0,0,0,0,0,0,0,0,0,0,0,0,0,0,0,1,0,0,0,0,0,0
24,62,52,68,32,70,67,18,10,14,0,0,0,0,0,0,0,0,0,0,0,0,0,0,0,0,0,0,0,0,0,0,0,0,0,0,0,0,0,0,0,0,0,0,0,1,0
36,75,63,77,23,82,74,31,14,14,81,13,25,7,3,0,3,0,5,0,0,0,0,18,4,29,0,1,0,0,0,0,0,0,0,0,0,1,0,0,0,0,0,0,0,0,0
28,63,53,70,13,75,59,13,14,12,0,0,0,0,0,0,0,0,0,0,0,0,0,22,4,27,1,0,0,2,0,2,0,0,0,0,0,0,0,0,1,0,0,0,0,0,0
20,68,57,68,48,57,56,42,10,13,4,2,12,0,0,0,1,0,1,0,0,0,0,21,6,7,0,1,0,0,0,5,0,0,0,0,0,0,0,0,0,1,0,0,0,0,0
21,48,36,65,18,63,50,16,6,10,0,0,0,0,0,0,0,0,0,0,0,0,0,0,0,0,0,0,0,0,0,0,0,0,0,0,0,0,0,0,0,0,0,1,0,0,0
28,77,64,82,48,89,77,28,9,9,217,31,2,31,2,0,3,0,5,0,2,0,0,193,28,3,25,5,0,4,0,9,0,1,0,0,0,0,0,0,0,1,0,0,0,0,0
23,52,40,53,17,61,47,18,14,13,8,0,4,1,0,0,0,0,0,0,0,0,0,0,0,0,0,0,0,0,0,0,0,0,0,0,0,0,0,1,0,0,0,0,0,0,0
25,43,27,66,29,77,56,21,13,7,28,5,22,1,0,0,2,0,3,0,0,0,0,92,21,11,8,2,0,5,0,12,0,0,0,0,1,0,0,0,0,0,0,0,0,0,0
25,62,50,72,20,76,57,18,10,11,44,3,31,5,0,0,1,0,3,0,0,0,0,0,0,0,0,0,0,0,0,0,0,0,0,0,0,0,0,0,0,0,1,0,0,0,0
30,66,58,74,45,75,65,35,8,16,48,10,2,6,0,0,3,0,5,0,0,0,0,0,0,0,0,0,0,0,0,0,0,0,0,0,0,0,1,0,0,0,0,0,0,0,0
23,61,58,67,49,61,60,48,11,15,0,0,0,0,0,0,0,0,0,0,0,0,0,5,1,9,0,0,0,1,0,1,0,0,0,0,0,0,1,0,0,0,0,0,0,0,0
20,49,37,58,14,64,45,20,9,7,1,0,2,0,0,0,0,0,0,0,0,0,0,0,0,0,0,0,0,0,0,0,0,0,0,0,0,0,1,0,0,0,0,0,0,0,0
25,60,43,72,18,72,66,14,15,7,0,0,0,0,0,0,0,0,0,0,0,0,0,0,0,0,0,0,0,0,0,0,0,0,0,0,0,0,0,1,0,0,0,0,0,0,0
19,58,43,64,30,61,51,39,11,6,2,0,4,0,0,0,0,0,0,0,0,0,0,0,0,2,0,0,0,0,0,0,0,0,0,0,0,0,0,0,0,0,0,0,1,0,0
32,84,77,87,53,82,83,29,10,14,72,18,2,7,0,0,1,0,9,0,0,0,0,162,30,2,14,11,0,2,0,12,0,0,0,0,0,0,0,0,0,1,0,0,0,0,0
33,70,45,80,19,72,73,11,14,15,59,24,12,2,1,0,6,0,10,0,1,0,0,0,0,0,0,0,0,0,0,0,0,0,0,0,0,0,0,0,0,0,1,0,0,0,0
30,73,59,80,27,76,64,21,13,11,58,14,8,4,2,0,1,0,6,0,0,0,0,70,20,9,4,2,0,4,0,11,0,0,0,0,0,0,0,0,0,1,0,0,0,0,0
26,81,76,77,78,75,76,69,14,9,45,16,4,3,2,0,10,0,6,0,0,0,0,61,32,2,0,4,0,16,0,8,0,0,0,0,0,0,0,0,0,0,0,0,1,0,0
21,60,54,59,13,59,58,18,10,11,0,0,0,0,0,0,0,0,0,0,0,0,0,2,1,0,0,0,0,0,0,1,0,0,0,0,1,0,0,0,0,0,0,0,0,0,0
20,59,39,69,12,69,49,18,10,14,19,4,10,1,0,0,2,0,3,0,0,0,0,3,0,35,0,0,0,1,0,0,0,0,0,0,0,0,0,0,0,0,0,0,0,1,0
22,45,34,59,15,65,48,14,9,9,0,0,0,0,0,0,0,0,0,0,0,0,0,0,0,0,0,0,0,0,0,0,0,0,0,0,1,0,0,0,0,0,0,0,0,0,0
23,63,53,68,15,63,53,11,8,12,0,0,0,0,0,0,0,0,0,0,0,0,0,0,0,0,0,0,0,0,0,0,0,0,0,0,0,0,0,0,0,0,0,1,0,0,0
31,72,54,78,23,80,74,22,6,5,56,20,7,3,0,0,6,0,15,0,0,0,0,80,19,8,5,7,0,8,1,14,0,0,0,0,0,0,0,0,0,0,1,0,0,0,0
28,83,65,89,39,91,78,25,6,10,224,31,2,30,5,0,5,0,3,0,0,0,0,215,29,4,30,2,0,2,0,3,0,0,0,0,0,0,0,0,0,1,0,0,0,0,0
25,65,35,76,19,78,42,13,11,7,116,22,15,10,4,0,0,0,15,0,1,0,0,55,14,18,3,1,0,3,0,8,0,0,0,0,0,0,0,0,0,0,1,0,0,0,0
23,70,67,68,18,67,69,19,9,12,4,2,6,0,0,0,0,0,0,0,0,0,0,6,3,0,0,0,0,0,0,2,0,0,0,0,0,0,0,0,0,0,0,1,0,0,0
33,74,75,79,34,84,79,23,10,8,0,0,0,0,0,0,0,0,0,0,0,0,0,0,0,0,0,0,0,0,0,0,0,0,0,0,0,0,0,0,0,0,0,0,0,0,1
27,54,46,77,26,71,60,16,15,9,0,0,0,0,0,0,0,0,0,0,0,0,0,0,0,0,0,0,0,0,0,0,0,0,0,0,0,0,0,0,0,0,0,0,0,1,0
26,68,48,76,23,81,64,16,13,16,55,26,7,1,0,0,6,0,8,0,0,0,0,0,0,0,0,0,0,0,0,0,0,0,0,0,0,0,0,0,0,0,0,0,1,0,0
28,65,47,69,17,71,52,19,13,9,18,7,5,0,0,0,0,0,5,0,0,0,0,0,0,0,0,0,0,0,0,0,0,0,0,0,0,0,0,0,1,0,0,0,0,0,0
27,66,42,64,41,71,62,19,11,11,6,1,10,0,0,0,1,0,1,0,0,0,0,0,0,0,0,0,0,0,0,0,0,0,0,0,0,0,0,0,0,0,0,0,0,1,0
24,71,68,75,27,87,73,27,15,10,213,36,1,25,6,0,3,0,2,0,0,0,0,179,36,2,18,7,0,3,0,8,0,1,0,0,0,1,0,0,0,0,0,0,0,0,0
23,70,61,66,64,52,62,55,15,15,0,0,0,0,0,0,0,0,0,0,0,0,0,0,0,0,0,0,0,0,0,0,0,0,0,0,0,0,0,0,1,0,0,0,0,0,0
29,69,59,73,21,67,71,40,11,12,0,0,0,0,0,0,0,0,0,0,0,0,0,3,2,9,0,0,0,1,0,1,0,0,0,0,1,0,0,0,0,0,0,0,0,0,0
25,64,47,80,22,73,54,19,8,15,28,5,8,2,1,0,1,0,4,0,0,0,0,0,0,0,0,0,0,0,0,0,0,0,0,0,0,0,0,0,0,0,0,0,1,0,0
28,61,50,71,36,74,42,16,13,7,22,4,13,1,0,0,3,0,3,0,0,0,0,75,14,20,5,2,0,2,0,3,0,0,0,0,1,0,0,0,0,0,0,0,0,0,0
27,75,68,78,32,82,68,28,10,6,0,0,0,0,0,0,0,0,0,0,0,0,0,0,0,0,0,0,0,0,0,0,0,0,0,0,1,0,0,0,0,0,0,0,0,0,0
18,54,40,60,21,58,50,23,13,7,0,0,0,0,0,0,0,0,0,0,0,0,0,1,0,2,0,0,0,0,0,0,0,0,0,0,1,0,0,0,0,0,0,0,0,0,0
30,71,64,78,34,71,72,33,8,15,34,5,6,4,1,0,3,0,3,0,1,0,0,0,0,0,0,0,0,0,0,0,0,0,0,0,0,0,0,0,0,0,0,0,0,0,1
27,66,52,68,19,71,66,23,12,9,9,2,6,0,0,0,0,0,2,0,0,0,0,4,0,4,0,0,0,0,0,0,0,0,0,0,0,0,0,0,0,0,0,0,0,0,1
24,54,48,71,25,63,59,22,14,14,0,0,0,0,0,0,0,0,0,0,0,0,0,0,0,0,0,0,0,0,0,0,0,0,0,0,0,0,0,0,1,0,0,0,0,0,0
25,66,62,76,42,80,72,20,8,13,27,5,15,1,2,0,2,0,5,0,0,0,0,59,13,12,5,0,0,1,0,8,0,0,0,0,0,0,0,0,0,0,0,0,1,0,0
22,61,46,56,14,54,61,19,12,13,0,0,0,0,0,0,0,0,0,0,0,0,0,0,0,0,0,0,0,0,0,0,0,0,0,0,0,0,0,1,0,0,0,0,0,0,0
26,69,65,71,49,66,67,44,14,13,69,20,12,3,3,0,3,0,18,0,0,0,0,38,9,9,2,2,0,2,0,9,0,0,0,0,0,0,0,0,0,0,0,0,0,0,1
23,62,55,77,33,79,54,20,11,15,27,11,11,0,0,0,1,0,9,0,0,0,0,67,17,18,4,1,0,0,0,10,0,2,0,0,0,1,0,0,0,0,0,0,0,0,0
22,74,71,72,28,64,71,37,14,9,10,1,16,0,0,0,0,0,1,0,0,0,0,0,0,0,0,0,0,0,0,0,0,0,0,0,0,0,1,0,0,0,0,0,0,0,0
31,78,68,85,32,83,75,22,9,6,97,25,5,7,4,0,1,0,17,0,0,0,0,136,30,3,14,2,0,2,0,20,0,0,0,0,0,0,0,0,0,1,0,0,0,0,0
27,69,40,78,33,82,53,25,13,14,114,32,6,8,2,0,2,0,11,0,0,0,0,114,30,4,9,3,0,1,1,15,0,0,0,0,0,1,0,0,0,0,0,0,0,0,0
21,52,48,61,44,66,55,51,11,8,0,0,0,0,0,0,0,0,0,0,0,0,0,0,0,0,0,0,0,0,0,0,0,0,0,0,1,0,0,0,0,0,0,0,0,0,0
27,68,60,77,42,78,70,42,14,7,117,21,16,10,3,0,0,0,7,0,0,0,0,0,0,0,0,0,0,0,0,0,0,0,0,0,0,1,0,0,0,0,0,0,0,0,0
31,74,54,74,23,74,59,19,9,16,15,0,29,1,0,0,2,0,0,0,0,0,0,0,0,0,0,0,0,0,0,0,0,0,0,0,0,0,0,0,1,0,0,0,0,0,0
25,65,60,72,42,61,60,29,8,12,0,0,0,0,0,0,0,0,0,0,0,0,0,0,0,0,0,0,0,0,0,0,0,0,0,0,1,0,0,0,0,0,0,0,0,0,0
36,76,71,78,39,83,75,20,10,12,0,0,0,0,0,0,0,0,0,0,0,0,0,0,0,0,0,0,0,0,0,0,0,0,0,0,0,0,0,0,0,0,0,0,0,0,1
20,71,67,61,45,57,62,41,13,5,0,0,0,0,0,0,0,0,0,0,0,0,0,1,0,1,0,0,0,0,0,0,0,0,0,0,0,0,1,0,0,0,0,0,0,0,0
26,78,69,77,16,64,78,20,9,15,0,0,0,0,0,0,0,0,0,0,0,0,0,0,0,0,0,0,0,0,0,0,0,0,0,0,1,0,0,0,0,0,0,0,0,0,0
25,63,40,71,28,70,62,11,8,14,0,0,0,0,0,0,0,0,0,0,0,0,0,18,3,30,0,0,0,2,0,3,0,0,0,0,0,0,0,0,0,0,0,0,0,1,0
29,54,42,74,19,83,47,15,15,12,116,30,1,11,2,0,3,1,6,0,0,0,0,122,26,5,14,3,0,10,0,5,0,2,0,0,0,0,0,0,0,1,0,0,0,0,0
21,72,65,77,58,80,57,58,8,15,76,13,18,6,2,0,2,0,8,0,0,0,0,63,17,13,4,1,0,2,0,12,0,0,0,0,0,0,0,0,0,0,0,0,1,0,0
20,68,62,64,57,61,63,58,6,11,2,1,4,0,0,0,1,0,0,0,0,0,0,0,0,0,0,0,0,0,0,0,0,0,0,0,0,1,0,0,0,0,0,0,0,0,0
32,69,62,67,43,72,63,41,16,10,0,0,0,0,0,0,0,0,0,0,0,0,0,0,0,0,0,0,0,0,0,0,0,0,0,0,0,0,0,0,1,0,0,0,0,0,0
27,76,74,75,75,53,64,76,10,12,11,4,3,0,1,0,0,0,3,0,0,0,0,18,5,13,0,1,0,1,0,0,0,0,0,0,0,0,0,0,0,1,0,0,0,0,0
26,54,48,67,24,71,50,15,14,12,0,0,0,0,0,0,0,0,0,0,0,0,0,0,0,0,0,0,0,0,0,0,0,0,0,0,0,0,0,0,1,0,0,0,0,0,0
22,60,36,63,19,56,46,24,11,12,0,0,0,0,0,0,0,0,0,0,0,0,0,0,0,1,0,0,0,0,0,0,0,0,0,0,0,0,0,0,1,0,0,0,0,0,0
21,66,47,65,29,68,57,31,8,8,4,0,10,0,0,0,2,0,0,0,0,0,0,9,3,8,0,0,0,2,0,2,0,0,0,0,0,0,0,0,0,1,0,0,0,0,0
20,61,50,70,35,58,67,40,8,15,0,0,0,0,0,0,0,0,0,0,0,0,0,1,0,1,0,0,0,0,0,0,0,0,0,0,1,0,0,0,0,0,0,0,0,0,0
27,76,61,80,42,87,72,29,8,6,141,31,7,11,7,0,4,0,8,0,0,0,0,122,25,13,9,6,0,4,0,12,0,0,0,0,0,0,0,0,0,0,0,0,1,0,0
29,79,63,89,24,91,83,13,15,14,156,25,6,20,3,0,4,1,8,0,1,0,0,182,29,3,24,2,0,1,0,16,0,1,0,0,0,1,0,0,0,0,0,0,0,0,0
35,68,48,74,20,79,60,16,11,6,8,3,13,0,0,0,0,0,3,0,0,0,0,72,15,17,6,1,0,1,0,5,0,0,0,0,0,0,0,0,0,0,1,0,0,0,0
28,67,34,76,35,78,61,26,8,12,106,27,9,10,0,0,4,0,13,0,0,0,0,0,0,0,0,0,0,0,0,0,0,0,0,0,0,0,0,0,0,0,0,0,1,0,0
38,68,44,79,24,83,69,24,12,5,100,19,15,9,2,0,1,0,9,0,0,0,0,52,10,28,5,0,0,2,0,5,0,0,0,0,0,0,0,0,0,0,1,0,0,0,0
30,62,49,75,42,77,63,36,13,10,56,10,23,3,1,0,2,0,6,0,1,0,0,111,23,9,10,4,0,2,0,5,0,0,0,0,0,1,0,0,0,0,0,0,0,0,0
22,66,51,67,21,79,66,17,15,13,18,1,16,1,0,0,1,0,1,0,0,0,0,0,0,0,0,0,0,0,0,0,0,0,0,0,0,1,0,0,0,0,0,0,0,0,0
24,61,47,68,35,66,59,19,7,7,0,0,0,0,0,0,0,0,0,0,0,0,0,0,0,1,0,0,0,0,0,0,0,0,0,0,0,0,0,0,0,1,0,0,0,0,0
31,76,66,78,45,82,69,35,6,6,68,21,15,3,1,0,1,0,20,0,0,0,0,88,28,10,5,0,0,1,0,25,0,0,0,0,0,1,0,0,0,0,0,0,0,0,0
18,54,51,61,35,51,60,23,6,7,1,0,1,0,0,0,0,0,0,0,0,0,0,0,0,0,0,0,0,0,0,0,0,0,0,0,0,0,0,0,1,0,0,0,0,0,0
26,70,54,73,20,75,64,17,16,13,45,8,23,2,1,0,3,0,5,0,0,0,0,67,14,12,6,1,0,4,0,11,0,0,0,0,0,0,0,0,0,1,0,0,0,0,0
20,57,53,65,18,62,60,18,11,14,0,0,0,0,0,0,0,0,0,0,0,0,0,2,0,3,0,0,0,0,0,0,0,0,0,0,0,0,0,0,0,0,1,0,0,0,0
19,55,36,58,16,56,64,22,13,13,11,1,25,0,0,0,0,0,1,0,0,0,0,0,0,0,0,0,0,0,0,0,0,0,0,0,0,0,0,0,0,0,1,0,0,0,0
24,77,73,84,36,74,76,20,10,9,90,26,3,6,3,0,4,0,9,0,0,0,0,35,6,27,3,0,0,3,0,6,0,0,0,0,0,0,0,0,0,0,1,0,0,0,0
26,65,45,80,34,83,66,28,13,9,72,20,12,6,1,0,9,0,8,0,0,0,0,40,5,31,5,0,0,6,1,3,0,0,0,0,0,0,0,0,0,0,0,0,1,0,0
25,53,35,57,21,74,46,25,10,15,40,4,33,3,0,0,0,0,2,0,0,0,0,0,0,0,0,0,0,0,0,0,0,0,0,0,0,0,0,0,0,0,1,0,0,0,0
27,69,52,73,44,75,56,20,10,6,49,12,14,3,1,0,1,0,12,0,0,0,0,74,14,22,7,1,0,3,0,11,0,1,0,0,0,0,1,0,0,0,0,0,0,0,0
28,73,60,74,31,68,71,39,8,6,0,0,0,0,0,0,0,0,0,0,0,0,0,0,0,0,0,0,0,0,0,0,0,0,0,0,1,0,0,0,0,0,0,0,0,0,0
34,70,63,72,51,68,67,51,11,10,49,10,25,1,2,0,0,0,6,0,0,0,0,107,22,11,7,6,0,1,0,17,0,0,0,0,0,0,1,0,0,0,0,0,0,0,0
25,62,52,68,20,62,62,22,16,6,0,0,0,0,0,0,0,0,0,0,0,0,0,0,0,0,0,0,0,0,0,0,0,0,0,0,0,0,0,0,0,0,0,0,0,0,1
25,69,66,55,82,33,47,77,16,14,79,30,2,5,1,0,10,0,0,0,0,0,0,64,29,1,1,2,0,3,0,0,0,0,0,1,0,0,0,0,0,1,0,0,0,0,0
28,52,34,54,20,78,50,22,11,10,0,0,0,0,0,0,0,0,0,0,0,0,0,0,0,0,0,0,0,0,0,0,0,0,0,0,0,0,0,0,1,0,0,0,0,0,0
27,68,41,71,33,74,58,24,15,13,0,0,0,0,0,0,0,0,0,0,0,0,0,80,17,18,6,1,0,4,0,6,0,0,0,0,0,0,0,0,0,0,0,0,0,1,0
27,63,46,66,29,65,67,26,13,6,1,0,3,0,0,0,0,0,0,0,0,0,0,0,0,0,0,0,0,0,0,0,0,0,0,0,0,0,0,0,0,0,0,1,0,0,0
27,71,29,75,21,74,62,15,7,8,44,10,13,4,0,0,5,0,5,0,0,0,0,0,0,0,0,0,0,0,0,0,0,0,0,0,0,1,0,0,0,0,0,0,0,0,0
25,57,53,68,13,67,48,19,11,14,7,2,13,0,0,0,1,0,1,0,0,0,0,0,0,0,0,0,0,0,0,0,0,0,0,0,0,0,0,0,0,0,0,1,0,0,0
25,61,25,68,23,72,51,12,14,16,0,0,0,0,0,0,0,0,0,0,0,0,0,0,0,0,0,0,0,0,0,0,0,0,0,0,0,0,1,0,0,0,0,0,0,0,0
27,80,64,88,30,80,78,26,7,10,73,12,23,6,4,0,5,0,8,0,1,0,0,75,19,14,6,1,0,4,0,15,0,0,0,0,0,0,1,0,0,0,0,0,0,0,0
33,59,41,63,48,70,65,42,8,12,0,0,0,0,0,0,0,0,0,0,0,0,0,0,0,0,0,0,0,0,0,0,0,0,0,0,1,0,0,0,0,0,0,0,0,0,0
22,66,59,72,42,76,61,43,15,15,141,32,4,14,3,0,5,0,9,0,0,0,0,2,0,2,0,0,0,0,0,0,0,0,0,0,0,1,0,0,0,0,0,0,0,0,0
30,62,60,74,36,71,65,23,10,9,0,0,0,0,0,0,0,0,0,0,0,0,0,0,0,0,0,0,0,0,0,0,0,0,0,0,1,0,0,0,0,0,0,0,0,0,0
30,71,62,73,53,74,70,43,11,16,0,0,0,0,0,0,0,0,0,0,0,0,0,58,15,16,4,1,0,3,0,13,0,0,0,0,1,0,0,0,0,0,0,0,0,0,0
25,74,61,77,75,74,72,68,15,9,74,23,7,4,4,0,2,0,2,0,0,0,1,27,6,16,2,0,0,1,0,3,0,0,0,0,0,0,0,0,0,1,0,0,0,0,0
21,58,38,68,25,79,50,19,15,14,61,5,30,6,1,0,4,0,4,0,0,0,0,25,5,33,2,0,0,1,0,4,0,0,0,0,0,0,0,0,0,0,1,0,0,0,0
21,62,56,71,32,57,63,24,7,15,1,0,6,0,0,0,0,0,0,0,0,0,0,1,0,2,0,0,0,0,0,0,0,0,0,0,0,1,0,0,0,0,0,0,0,0,0
28,66,40,68,42,68,58,27,7,6,47,12,13,3,0,0,3,0,9,0,0,0,0,40,10,19,0,4,0,3,0,6,0,0,0,0,0,0,0,0,0,1,0,0,0,0,0
19,64,41,68,22,73,60,19,7,13,0,0,0,0,0,0,0,0,0,0,0,0,0,2,0,2,0,0,0,0,0,0,0,0,0,0,0,1,0,0,0,0,0,0,0,0,0
21,77,61,81,30,77,73,17,15,7,67,26,9,1,3,0,3,0,12,0,0,0,0,45,14,22,2,1,0,5,0,10,0,0,0,0,0,0,0,0,0,0,0,0,0,0,1
28,74,65,78,35,80,72,33,8,8,104,23,9,10,2,0,1,0,13,0,1,0,0,77,15,18,5,3,0,0,0,13,0,0,0,0,0,1,0,0,0,0,0,0,0,0,0
21,62,47,64,28,67,53,22,10,6,0,0,0,0,0,0,0,0,0,0,0,0,0,54,6,22,3,3,0,1,0,4,0,0,0,0,0,0,0,1,0,0,0,0,0,0,0
23,59,39,65,23,66,52,19,8,10,30,6,10,2,1,0,2,0,4,0,0,0,0,0,0,0,0,0,0,0,0,0,0,0,0,0,0,0,0,1,0,0,0,0,0,0,0
32,57,43,59,32,64,53,35,7,12,0,0,0,0,0,0,0,0,0,0,0,0,0,0,0,0,0,0,0,0,0,0,0,0,0,0,0,0,0,0,1,0,0,0,0,0,0
27,81,68,82,58,93,81,31,7,14,115,25,6,5,12,0,0,0,5,0,0,0,0,166,26,8,20,5,0,4,0,10,0,1,0,0,0,0,0,0,0,1,0,0,0,0,0
23,75,63,73,46,73,74,41,14,8,12,5,4,0,1,0,2,0,4,0,0,0,0,39,7,18,2,1,0,2,0,3,0,0,0,0,0,0,1,0,0,0,0,0,0,0,0
21,76,55,82,37,85,57,17,9,9,175,28,4,21,5,0,4,0,19,0,0,0,0,98,26,7,6,3,0,0,0,15,0,0,0,0,0,0,0,0,0,1,0,0,0,0,0
24,63,58,62,19,58,54,31,9,6,0,0,0,0,0,0,0,0,0,0,0,0,0,1,0,2,0,0,0,0,0,0,0,0,0,0,0,0,0,1,0,0,0,0,0,0,0
26,62,51,69,22,68,63,22,11,14,0,0,0,0,0,0,0,0,0,0,0,0,0,3,0,8,0,0,0,0,0,0,0,0,0,0,0,0,0,0,0,0,0,0,0,0,1
23,68,64,72,19,69,72,37,7,7,0,0,0,0,0,0,0,0,0,0,0,0,0,0,0,0,0,0,0,0,0,0,0,0,0,0,1,0,0,0,0,0,0,0,0,0,0
27,70,60,74,25,64,65,36,10,11,0,0,0,0,0,0,0,0,0,0,0,0,0,0,0,0,0,0,0,0,0,0,0,0,0,0,0,0,0,0,0,0,0,1,0,0,0
30,60,44,73,34,75,51,17,12,11,0,0,0,0,0,0,0,0,0,0,0,0,0,0,0,0,0,0,0,0,0,0,0,0,0,0,0,1,0,0,0,0,0,0,0,0,0
25,68,62,67,67,67,68,71,14,9,0,0,0,0,0,0,0,0,0,0,0,0,0,0,0,0,0,0,0,0,0,0,0,0,0,0,0,1,0,0,0,0,0,0,0,0,0
29,73,60,75,29,77,73,33,11,15,120,31,7,10,4,0,7,0,3,0,0,0,1,155,36,2,13,9,0,6,0,3,0,1,0,1,0,1,0,0,0,0,0,0,0,0,0
33,71,45,77,40,82,72,18,16,6,0,0,0,0,0,0,0,0,0,0,0,0,0,38,9,7,4,0,0,1,0,7,0,1,0,0,0,0,0,0,0,0,0,0,0,0,1
23,70,63,71,34,66,63,45,10,15,0,0,0,0,0,0,0,0,0,0,0,0,0,7,1,9,0,0,0,0,0,1,0,0,0,0,0,0,0,1,0,0,0,0,0,0,0
27,78,64,80,44,86,78,22,7,14,122,27,10,10,3,0,0,0,22,0,0,0,0,171,37,2,16,6,0,3,0,20,0,0,0,0,0,0,1,0,0,0,0,0,0,0,0
30,82,76,86,49,75,82,44,5,3,124,34,1,7,9,0,5,0,20,0,1,0,0,112,32,4,6,7,0,4,0,30,0,1,0,0,0,0,0,0,0,0,1,0,0,0,0
32,78,47,76,30,86,73,20,12,16,128,32,0,12,4,0,8,0,14,0,0,0,0,105,25,1,10,4,0,5,1,7,0,0,0,0,0,0,0,0,0,1,0,0,0,0,0
32,71,63,71,34,73,75,30,14,11,0,0,0,0,0,0,0,0,0,0,0,0,0,43,8,21,3,1,0,5,0,7,0,0,0,0,0,0,0,0,0,0,0,0,0,1,0
18,54,29,60,19,61,49,17,14,6,1,0,3,0,0,0,1,0,0,0,0,0,0,0,0,0,0,0,0,0,0,0,0,0,0,0,0,0,0,0,0,1,0,0,0,0,0
23,75,40,75,19,79,58,19,7,16,50,7,24,2,2,0,0,0,4,0,0,0,0,0,0,0,0,0,0,0,0,0,0,0,0,0,0,0,0,0,0,0,0,0,0,0,1
24,67,48,68,29,69,58,23,9,9,0,0,1,0,0,0,0,0,0,0,0,0,0,0,0,0,0,0,0,0,0,0,0,0,0,0,0,0,0,0,0,0,0,0,0,1,0
21,64,38,75,19,66,34,13,11,6,3,0,15,0,0,0,0,0,0,0,0,0,0,0,0,0,0,0,0,0,0,0,0,0,0,0,0,0,0,0,0,0,1,0,0,0,0
31,81,82,80,54,79,80,48,11,7,72,15,13,5,5,0,8,0,9,0,0,0,0,106,27,1,8,5,0,4,0,4,0,0,0,0,0,1,0,0,0,0,0,0,0,0,0
22,73,61,72,22,69,57,19,9,14,53,9,20,4,0,0,1,0,7,0,0,0,0,1,0,1,0,0,0,0,0,0,0,0,0,0,0,0,1,0,0,0,0,0,0,0,0
28,68,45,75,38,83,65,25,8,11,28,9,9,2,0,0,1,0,7,0,0,0,0,65,13,16,4,3,0,1,0,9,0,1,0,0,0,1,0,0,0,0,0,0,0,0,0
24,68,51,70,39,64,56,32,11,6,9,4,4,0,0,0,0,0,3,0,0,0,0,1,0,1,0,0,0,0,0,0,0,0,0,0,1,0,0,0,0,0,0,0,0,0,0
25,79,48,80,35,85,63,29,14,8,123,27,2,12,4,0,4,0,17,0,0,0,0,91,19,15,9,1,0,6,0,5,0,0,0,0,0,0,0,0,0,0,0,0,1,0,0
26,77,68,83,44,83,76,28,13,7,118,20,16,11,4,0,0,0,18,0,0,0,0,161,34,4,17,5,0,2,0,14,0,3,0,0,0,0,0,0,0,0,0,0,1,0,0
31,56,37,73,27,81,53,18,6,7,0,0,0,0,0,0,0,0,0,0,0,0,0,0,0,0,0,0,0,0,0,0,0,0,0,0,0,0,0,0,0,0,0,0,0,1,0
25,72,69,74,45,67,64,28,15,10,66,18,18,4,1,0,6,0,12,0,0,0,0,66,17,17,4,2,0,6,1,12,0,0,0,0,0,0,1,0,0,0,0,0,0,0,0
18,67,63,73,20,63,65,24,10,12,93,24,11,5,4,0,2,0,13,0,0,0,0,0,0,0,0,0,0,0,0,0,0,0,0,0,0,0,0,0,0,0,1,0,0,0,0
35,71,70,73,44,70,70,47,16,6,0,0,0,0,0,0,0,0,0,0,0,0,0,7,0,17,0,0,0,0,0,0,0,0,0,0,1,0,0,0,0,0,0,0,0,0,0
22,76,69,77,55,77,78,39,9,9,67,21,7,3,3,0,3,0,17,0,0,0,0,63,17,13,5,0,0,4,0,15,0,0,0,0,0,0,1,0,0,0,0,0,0,0,0
20,55,43,69,13,63,52,17,13,6,0,0,0,0,0,0,0,0,0,0,0,0,0,4,1,4,0,0,0,0,0,1,0,0,0,0,0,0,0,0,0,0,0,0,0,1,0
24,69,56,70,36,69,59,17,13,11,0,0,0,0,0,0,0,0,0,0,0,0,0,0,0,0,0,0,0,0,0,0,0,0,0,0,0,0,1,0,0,0,0,0,0,0,0
31,75,71,75,41,71,71,51,8,10,0,0,0,0,0,0,0,0,0,0,0,0,0,10,2,16,0,0,0,0,0,2,0,0,0,0,0,0,0,0,0,0,0,0,0,0,1
20,53,41,62,10,65,54,24,7,15,2,0,7,0,0,0,0,0,0,0,0,0,0,0,0,0,0,0,0,0,0,0,0,0,0,0,0,0,0,1,0,0,0,0,0,0,0
30,62,57,69,18,74,44,17,14,12,0,0,0,0,0,0,0,0,0,0,0,0,0,0,0,0,0,0,0,0,0,0,0,0,0,0,0,0,0,1,0,0,0,0,0,0,0
20,59,40,70,31,67,44,16,9,13,19,0,16,1,1,0,2,0,0,0,0,0,0,0,0,0,0,0,0,0,0,0,0,0,0,0,0,0,0,0,0,0,0,0,1,0,0
21,60,48,60,58,50,39,59,14,9,4,2,6,0,0,0,0,0,0,0,0,0,0,1,0,13,0,0,0,0,0,0,0,0,0,0,0,0,0,1,0,0,0,0,0,0,0
23,71,46,73,44,76,61,22,11,8,84,25,4,5,3,0,4,0,18,0,0,0,0,0,0,0,0,0,0,0,0,0,0,0,0,0,0,0,0,0,0,1,0,0,0,0,0
27,79,59,80,31,79,79,28,9,16,106,27,4,7,6,0,4,0,11,0,0,0,0,42,14,14,1,0,0,2,0,6,0,0,0,0,0,0,0,0,0,1,0,0,0,0,0
21,73,53,77,16,67,58,13,6,16,22,1,29,1,0,0,2,0,1,0,0,0,0,33,4,13,1,3,0,1,0,4,0,0,0,0,0,0,0,0,0,0,0,0,1,0,0
35,84,76,88,20,86,83,15,15,12,146,27,1,17,5,0,7,0,0,0,1,0,0,286,29,3,38,13,0,1,0,6,0,1,0,0,0,1,0,0,0,0,0,0,0,0,0
